idx,measure,pitch,midi,part,staff,voice,clef,chord_id,predicted_fingering
0,1,C5,72,P1,1,1,G2,1,1
1,1,E5,76,P1,1,1,G2,2,3
2,1,G5,79,P1,1,1,G2,3,5
3,2,B4,71,P1,1,1,G2,4,1
4,2,C5,72,P1,1,1,G2,5,2
5,2,D5,74,P1,1,1,G2,6,3
6,2,C5,72,P1,1,1,G2,7,2
7,3,A5,81,P1,1,1,G2,8,3
8,3,G5,79,P1,1,1,G2,9,2
9,3,C6,84,P1,1,1,G2,10,5
10,4,G5,79,P1,1,1,G2,11,2
11,4,F5,77,P1,1,1,G2,12,1
12,4,E5,76,P1,1,1,G2,13,3
13,4,F5,77,P1,1,1,G2,14,4
14,4,E5,76,P1,1,1,G2,15,3
15,5,A4,69,P1,1,1,G2,16,1
16,5,B4,71,P1,1,1,G2,17,2
17,5,C5,72,P1,1,1,G2,18,3
18,5,D5,74,P1,1,1,G2,19,1
19,5,E5,76,P1,1,1,G2,20,2
20,5,F5,77,P1,1,1,G2,21,3
21,5,G5,79,P1,1,1,G2,22,4
22,5,A5,81,P1,1,1,G2,23,5
23,5,G5,79,P1,1,1,G2,24,4
24,5,F5,77,P1,1,1,G2,25,3
25,5,E5,76,P1,1,1,G2,26,2
26,5,D5,74,P1,1,1,G2,27,1
27,5,C5,72,P1,1,1,G2,28,3
28,5,B4,71,P1,1,1,G2,29,2
29,5,A4,69,P1,1,1,G2,30,1
30,6,G4,67,P1,1,1,G2,31,3
31,6,A4,69,P1,1,1,G2,32,1
32,6,B4,71,P1,1,1,G2,33,2
33,6,C5,72,P1,1,1,G2,34,3
34,6,D5,74,P1,1,1,G2,35,1
35,6,E5,76,P1,1,1,G2,36,2
36,6,F5,77,P1,1,1,G2,37,3
37,6,G5,79,P1,1,1,G2,38,4
38,6,F5,77,P1,1,1,G2,39,3
39,6,E5,76,P1,1,1,G2,40,2
40,6,D5,74,P1,1,1,G2,41,1
41,6,C5,72,P1,1,1,G2,42,3
42,6,B4,71,P1,1,1,G2,43,2
43,6,A4,69,P1,1,1,G2,44,1
44,6,G4,67,P1,1,1,G2,45,3
45,7,F4,65,P1,1,1,G2,46,2
46,7,G4,67,P1,1,1,G2,47,3
47,7,A4,69,P1,1,1,G2,48,1
48,7,B4,71,P1,1,1,G2,49,2
49,7,C5,72,P1,1,1,G2,50,3
50,7,D5,74,P1,1,1,G2,51,1
51,7,E5,76,P1,1,1,G2,52,2
52,7,F5,77,P1,1,1,G2,53,3
53,7,E5,76,P1,1,1,G2,54,2
54,7,D5,74,P1,1,1,G2,55,1
55,7,C5,72,P1,1,1,G2,56,3
56,7,B4,71,P1,1,1,G2,57,2
57,7,A4,69,P1,1,1,G2,58,1
58,7,G4,67,P1,1,1,G2,59,3
59,7,F4,65,P1,1,1,G2,60,2
60,8,E4,64,P1,1,1,G2,61,1
61,8,F4,65,P1,1,1,G2,62,2
62,8,G4,67,P1,1,1,G2,63,3
63,8,A4,69,P1,1,1,G2,64,1
64,8,B4,71,P1,1,1,G2,65,2
65,8,C5,72,P1,1,1,G2,66,3
66,8,D5,74,P1,1,1,G2,67,4
67,8,E5,76,P1,1,1,G2,68,5
68,8,D5,74,P1,1,1,G2,69,4
69,8,C5,72,P1,1,1,G2,70,3
70,8,B4,71,P1,1,1,G2,71,2
71,8,A4,69,P1,1,1,G2,72,1
72,8,G4,67,P1,1,1,G2,73,3
73,8,F4,65,P1,1,1,G2,74,2
74,8,E4,64,P1,1,1,G2,75,1
75,9,D4,62,P1,1,1,G2,76,3
76,9,E4,64,P1,1,1,G2,77,1
77,9,F4,65,P1,1,1,G2,78,2
78,9,G4,67,P1,1,1,G2,79,3
79,9,A4,69,P1,1,1,G2,80,1
80,9,B4,71,P1,1,1,G2,81,2
81,9,C#5,73,P1,1,1,G2,82,3
82,9,D5,74,P1,1,1,G2,83,4
83,9,A4,69,P1,1,1,G2,84,1
84,9,B4,71,P1,1,1,G2,85,2
85,9,C#5,73,P1,1,1,G2,86,3
86,9,D5,74,P1,1,1,G2,87,1
87,9,E5,76,P1,1,1,G2,88,2
88,9,F5,77,P1,1,1,G2,89,3
89,9,G5,79,P1,1,1,G2,90,1
90,10,A5,81,P1,1,1,G2,91,2
91,10,B5,83,P1,1,1,G2,92,3
92,10,C6,84,P1,1,1,G2,93,4
93,10,B5,83,P1,1,1,G2,94,3
94,10,A5,81,P1,1,1,G2,95,2
95,10,G5,79,P1,1,1,G2,96,1
96,10,F5,77,P1,1,1,G2,97,3
97,10,E5,76,P1,1,1,G2,98,2
98,10,F5,77,P1,1,1,G2,99,3
99,10,G5,79,P1,1,1,G2,100,4
100,10,A5,81,P1,1,1,G2,101,5
101,10,G5,79,P1,1,1,G2,102,4
102,10,F5,77,P1,1,1,G2,103,3
103,10,E5,76,P1,1,1,G2,104,2
104,10,D5,74,P1,1,1,G2,105,1
105,10,C5,72,P1,1,1,G2,106,3
106,11,B4,71,P1,1,1,G2,107,2
107,11,G5,79,P1,1,1,G2,108,5
108,11,E5,76,P1,1,1,G2,109,3
109,11,C5,72,P1,1,1,G2,110,1
110,11,D5,74,P1,1,1,G2,111,2
111,11,G5,79,P1,1,1,G2,112,5
112,11,E5,76,P1,1,1,G2,113,4
113,11,C5,72,P1,1,1,G2,114,2
114,12,D5,74,P1,1,1,G2,115,3
115,12,B4,71,P1,1,1,G2,116,1
116,12,D5,74,P1,1,1,G2,116,3
117,12,G5,79,P1,1,1,G2,116,5
118,12,G4,67,P1,1,1,G2,117,1
119,14,D6,86,P1,1,1,G2,118,5
120,14,B5,83,P1,1,1,G2,119,4
121,14,G5,79,P1,1,1,G2,120,2
122,14,G5,79,P1,1,1,G2,121,2
123,14,A5,81,P1,1,1,G2,122,3
124,14,B5,83,P1,1,1,G2,123,4
125,14,A5,81,P1,1,1,G2,124,3
126,14,G5,79,P1,1,1,G2,125,2
127,15,G5,79,P1,1,1,G2,126,2
128,15,F#5,78,P1,1,1,G2,127,1
129,15,F#5,78,P1,1,1,G2,128,1
130,16,D6,86,P1,1,1,G2,129,5
131,16,B5,83,P1,1,1,G2,130,4
132,16,G5,79,P1,1,1,G2,131,2
133,16,G5,79,P1,1,1,G2,132,2
134,16,A5,81,P1,1,1,G2,133,3
135,16,B5,83,P1,1,1,G2,134,4
136,16,A5,81,P1,1,1,G2,135,3
137,16,G5,79,P1,1,1,G2,136,2
138,17,G5,79,P1,1,1,G2,137,2
139,17,F#5,78,P1,1,1,G2,138,1
140,17,F#5,78,P1,1,1,G2,139,1
141,18,D6,86,P1,1,1,G2,140,5
142,18,B4,71,P1,1,1,G2,141,1
143,18,E5,76,P1,1,1,G2,142,3
144,18,C5,72,P1,1,1,G2,143,1
145,18,D4,62,P1,1,2,G2,144,1
146,18,G4,67,P1,1,2,G2,145,2
147,18,D6,86,P1,1,2,G2,146,5
148,18,B5,83,P1,1,2,G2,147,3
149,18,G5,79,P1,1,2,G2,148,4
150,18,C4,60,P1,1,2,G2,149,1
151,18,E4,64,P1,1,2,G2,150,3
152,18,G4,67,P1,1,2,G2,151,2
153,18,E5,76,P1,1,2,G2,152,4
154,18,G5,79,P1,1,2,G2,153,5
155,18,E5,76,P1,1,2,G2,154,4
156,19,C6,84,P1,1,1,G2,155,5
157,19,A4,69,P1,1,1,G2,156,2
158,19,D5,74,P1,1,1,G2,157,5
159,19,B4,71,P1,1,1,G2,158,4
160,19,F#4,66,P1,1,2,G2,159,1
161,19,C6,84,P1,1,2,G2,160,5
162,19,A5,81,P1,1,2,G2,161,3
163,19,F#5,78,P1,1,2,G2,162,4
164,19,B3,59,P1,1,2,G2,163,1
165,19,D4,62,P1,1,2,G2,164,2
166,19,F#4,66,P1,1,2,G2,165,3
167,19,D5,74,P1,1,2,G2,166,4
168,19,F#5,78,P1,1,2,G2,167,3
169,19,D5,74,P1,1,2,G2,168,1
170,20,E4,64,P1,1,1,G2,169,1
171,20,B5,83,P1,1,1,G2,170,5
172,20,G5,79,P1,1,1,G2,171,3
173,20,E5,76,P1,1,1,G2,172,4
174,20,E4,64,P1,1,1,G2,173,1
175,20,C5,72,P1,1,1,G2,174,4
176,20,E5,76,P1,1,1,G2,175,5
177,20,C5,72,P1,1,1,G2,176,4
178,20,B5,83,P1,1,2,G2,177,5
179,20,G4,67,P1,1,2,G2,178,1
180,20,C5,72,P1,1,2,G2,179,4
181,20,A4,69,P1,1,2,G2,180,2
182,21,D4,62,P1,1,1,G2,181,1
183,21,A5,81,P1,1,1,G2,182,5
184,21,F#5,78,P1,1,1,G2,183,3
185,21,D5,74,P1,1,1,G2,184,4
186,21,D4,62,P1,1,1,G2,185,1
187,21,G5,79,P1,1,1,G2,186,5
188,21,E5,76,P1,1,1,G2,187,4
189,21,C5,72,P1,1,1,G2,188,2
190,21,A5,81,P1,1,2,G2,189,5
191,21,F#4,66,P1,1,2,G2,190,1
192,21,B4,71,P1,1,2,G2,191,4
193,21,G4,67,P1,1,2,G2,192,2
194,22,A4,69,P1,1,1,G2,193,1
195,22,C5,72,P1,1,1,G2,194,2
196,22,E5,76,P1,1,1,G2,195,3
197,23,A5,81,P1,1,1,G2,196,4
198,23,B5,83,P1,1,1,G2,197,5
199,23,A5,81,P1,1,1,G2,198,4
200,23,G#5,80,P1,1,1,G2,199,3
201,23,A5,81,P1,1,1,G2,200,4
202,23,C6,84,P1,1,1,G2,201,5
203,23,A5,81,P1,1,1,G2,202,3
204,23,C6,84,P1,1,1,G2,203,4
205,23,A5,81,P1,1,1,G2,204,2
206,24,B5,83,P1,1,1,G2,205,3
207,24,G5,79,P1,1,1,G2,206,1
208,24,D6,86,P1,1,1,G2,207,5
209,24,C6,84,P1,1,1,G2,208,4
210,24,B5,83,P1,1,1,G2,209,3
211,24,A5,81,P1,1,1,G2,210,2
212,24,G5,79,P1,1,1,G2,211,1
213,25,A5,81,P1,1,1,G2,212,2
214,26,G5,79,P1,1,1,G2,213,1
215,26,G5,79,P1,1,1,G2,214,1
216,26,D5,74,P1,1,1,G2,215,2
217,26,G5,79,P1,1,1,G2,216,3
218,26,B5,83,P1,1,1,G2,217,4
219,26,D6,86,P1,1,1,G2,218,5
220,26,B5,83,P1,1,1,G2,219,3
221,26,G5,79,P1,1,1,G2,220,1
222,26,B5,83,P1,1,1,G2,221,3
223,26,C6,84,P1,1,1,G2,222,4
224,26,A5,81,P1,1,1,G2,223,3
225,26,F#5,78,P1,1,1,G2,224,2
226,26,A5,81,P1,1,1,G2,225,4
227,27,G5,79,P1,1,1,G2,226,3
228,27,G4,67,P1,1,1,G2,227,2
229,27,D4,62,P1,1,1,G2,228,1
230,27,G4,67,P1,1,1,G2,229,2
231,27,B4,71,P1,1,1,G2,230,4
232,27,D5,74,P1,1,1,G2,231,5
233,27,B4,71,P1,1,1,G2,232,3
234,27,G4,67,P1,1,1,G2,233,1
235,27,B4,71,P1,1,1,G2,234,3
236,27,C5,72,P1,1,1,G2,235,4
237,27,A4,69,P1,1,1,G2,236,2
238,27,F#4,66,P1,1,1,G2,237,1
239,27,A4,69,P1,1,1,G2,238,2
240,28,G4,67,P1,1,1,G2,239,1
241,28,D5,74,P1,1,1,G2,240,1
242,28,B5,83,P1,1,1,G2,240,4
243,28,B4,71,P1,1,1,G2,241,1
244,28,G5,79,P1,1,1,G2,241,4
245,29,G4,67,P1,1,1,G2,242,1
246,29,G5,79,P1,1,1,G2,243,5
247,29,D5,74,P1,1,1,G2,244,2
248,29,G5,79,P1,1,1,G2,245,3
249,29,Bb5,82,P1,1,1,G2,246,4
250,29,D6,86,P1,1,1,G2,247,5
251,29,Bb5,82,P1,1,1,G2,248,4
252,29,G5,79,P1,1,1,G2,249,2
253,29,Bb5,82,P1,1,1,G2,250,4
254,29,C6,84,P1,1,1,G2,251,5
255,29,A5,81,P1,1,1,G2,252,4
256,29,F#5,78,P1,1,1,G2,253,2
257,29,A5,81,P1,1,1,G2,254,4
258,30,G5,79,P1,1,1,G2,255,3
259,30,G4,67,P1,1,1,G2,256,2
260,30,D4,62,P1,1,1,G2,257,1
261,30,G4,67,P1,1,1,G2,258,2
262,30,Bb4,70,P1,1,1,G2,259,4
263,30,D5,74,P1,1,1,G2,260,5
264,30,Bb4,70,P1,1,1,G2,261,4
265,30,G4,67,P1,1,1,G2,262,2
266,30,Bb4,70,P1,1,1,G2,263,4
267,30,C5,72,P1,1,1,G2,264,5
268,30,A4,69,P1,1,1,G2,265,3
269,30,F#4,66,P1,1,1,G2,266,1
270,30,A4,69,P1,1,1,G2,267,2
271,31,G4,67,P1,1,1,G2,268,1
272,31,G5,79,P1,1,1,G2,269,3
273,31,Bb5,82,P1,1,1,G2,270,4
274,31,A5,81,P1,1,1,G2,271,3
275,31,G5,79,P1,1,1,G2,272,2
276,31,F5,77,P1,1,1,G2,273,1
277,31,E5,76,P1,1,1,G2,274,3
278,31,D5,74,P1,1,1,G2,275,2
279,32,C#5,73,P1,1,1,G2,276,1
280,32,C#6,85,P1,1,1,G2,277,4
281,32,E6,88,P1,1,1,G2,278,5
282,32,D6,86,P1,1,1,G2,279,4
283,32,C#6,85,P1,1,1,G2,280,3
284,32,Bb5,82,P1,1,1,G2,281,5
285,32,A5,81,P1,1,1,G2,282,4
286,32,G5,79,P1,1,1,G2,283,3
287,33,F5,77,P1,1,1,G2,284,2
288,33,D5,74,P1,1,1,G2,285,4
289,33,A4,69,P1,1,1,G2,286,1
290,33,D5,74,P1,1,1,G2,287,3
291,33,F5,77,P1,1,1,G2,288,4
292,33,A5,81,P1,1,1,G2,289,5
293,33,F5,77,P1,1,1,G2,290,4
294,33,D5,74,P1,1,1,G2,291,2
295,33,F5,77,P1,1,1,G2,292,4
296,33,G5,79,P1,1,1,G2,293,5
297,33,E5,76,P1,1,1,G2,294,4
298,33,C#5,73,P1,1,1,G2,295,2
299,33,E5,76,P1,1,1,G2,296,4
300,34,D5,74,P1,1,1,G2,297,3
301,34,D4,62,P1,1,1,G2,298,4
302,34,A3,57,P1,1,1,G2,299,1
303,34,D4,62,P1,1,1,G2,300,3
304,34,F4,65,P1,1,1,G2,301,4
305,34,A4,69,P1,1,1,G2,302,5
306,34,F4,65,P1,1,1,G2,303,4
307,34,D4,62,P1,1,1,G2,304,2
308,34,F4,65,P1,1,1,G2,305,4
309,34,G4,67,P1,1,1,G2,306,5
310,34,E4,64,P1,1,1,G2,307,4
311,34,C#4,61,P1,1,1,G2,308,2
312,34,E4,64,P1,1,1,G2,309,3
313,35,D4,62,P1,1,1,G2,310,2
314,35,E4,64,P1,1,1,G2,311,3
315,35,F4,65,P1,1,1,G2,312,1
316,35,G4,67,P1,1,1,G2,313,2
317,35,A4,69,P1,1,1,G2,314,3
318,35,B4,71,P1,1,1,G2,315,1
319,35,C#5,73,P1,1,1,G2,316,2
320,35,D5,74,P1,1,1,G2,317,3
321,36,B4,71,P1,1,1,G2,318,1
322,36,C5,72,P1,1,1,G2,319,2
323,36,D5,74,P1,1,1,G2,320,3
324,36,E5,76,P1,1,1,G2,321,1
325,36,F#5,78,P1,1,1,G2,322,2
326,36,G#5,80,P1,1,1,G2,323,3
327,36,A5,81,P1,1,1,G2,324,4
328,36,B5,83,P1,1,1,G2,325,5
329,37,A5,81,P1,1,1,G2,326,4
330,37,E6,88,P1,1,1,G2,327,5
331,37,D6,86,P1,1,1,G2,328,4
332,37,C6,84,P1,1,1,G2,329,3
333,37,B5,83,P1,1,1,G2,330,2
334,37,A5,81,P1,1,1,G2,331,1
335,37,G5,79,P1,1,1,G2,332,3
336,37,F5,77,P1,1,1,G2,333,2
337,38,G5,79,P1,1,1,G2,334,3
338,38,D6,86,P1,1,1,G2,335,5
339,38,C6,84,P1,1,1,G2,336,4
340,38,B5,83,P1,1,1,G2,337,3
341,38,A5,81,P1,1,1,G2,338,2
342,38,G5,79,P1,1,1,G2,339,1
343,38,F5,77,P1,1,1,G2,340,3
344,38,E5,76,P1,1,1,G2,341,2
345,39,F5,77,P1,1,1,G2,342,3
346,39,C6,84,P1,1,1,G2,343,5
347,39,B5,83,P1,1,1,G2,344,4
348,39,A5,81,P1,1,1,G2,345,3
349,39,G5,79,P1,1,1,G2,346,2
350,39,F5,77,P1,1,1,G2,347,1
351,39,E5,76,P1,1,1,G2,348,3
352,39,D5,74,P1,1,1,G2,349,2
353,40,E5,76,P1,1,1,G2,350,3
354,40,B5,83,P1,1,1,G2,351,5
355,40,A5,81,P1,1,1,G2,352,4
356,40,G#5,80,P1,1,1,G2,353,3
357,40,F5,77,P1,1,1,G2,354,5
358,40,E5,76,P1,1,1,G2,355,4
359,40,D5,74,P1,1,1,G2,356,3
360,40,C5,72,P1,1,1,G2,357,2
361,41,Bb4,70,P1,1,1,G2,358,1
362,41,D5,74,P1,1,1,G2,359,3
363,41,C5,72,P1,1,1,G2,360,2
364,41,Bb4,70,P1,1,1,G2,361,1
365,41,A4,69,P1,1,1,G2,362,3
366,41,G4,67,P1,1,1,G2,363,2
367,41,F4,65,P1,1,1,G2,364,1
368,41,E4,64,P1,1,1,G2,365,3
369,41,F4,65,P1,1,1,G2,366,1
370,41,G4,67,P1,1,1,G2,367,2
371,41,A4,69,P1,1,1,G2,368,3
372,41,Bb4,70,P1,1,1,G2,369,1
373,41,C5,72,P1,1,1,G2,370,2
374,41,D5,74,P1,1,1,G2,371,3
375,41,E5,76,P1,1,1,G2,372,4
376,42,F5,77,P1,1,1,G2,373,5
377,42,A5,81,P1,1,1,G2,374,4
378,42,C6,84,P1,1,1,G2,375,5
379,43,E5,76,P1,1,1,G2,376,1
380,43,F5,77,P1,1,1,G2,377,2
381,43,G5,79,P1,1,1,G2,378,3
382,43,F5,77,P1,1,1,G2,379,2
383,44,D6,86,P1,1,1,G2,380,3
384,44,C6,84,P1,1,1,G2,381,2
385,44,F6,89,P1,1,1,G2,382,5
386,45,C6,84,P1,1,1,G2,383,2
387,45,Bb5,82,P1,1,1,G2,384,1
388,45,A5,81,P1,1,1,G2,385,3
389,45,Bb5,82,P1,1,1,G2,386,4
390,45,A5,81,P1,1,1,G2,387,3
391,46,D5,74,P1,1,1,G2,388,1
392,46,E5,76,P1,1,1,G2,389,2
393,46,F5,77,P1,1,1,G2,390,3
394,46,G5,79,P1,1,1,G2,391,1
395,46,A5,81,P1,1,1,G2,392,2
396,46,Bb5,82,P1,1,1,G2,393,3
397,46,C6,84,P1,1,1,G2,394,4
398,46,D6,86,P1,1,1,G2,395,5
399,46,C6,84,P1,1,1,G2,396,4
400,46,Bb5,82,P1,1,1,G2,397,3
401,46,A5,81,P1,1,1,G2,398,2
402,46,G5,79,P1,1,1,G2,399,1
403,46,F5,77,P1,1,1,G2,400,3
404,46,E5,76,P1,1,1,G2,401,2
405,46,D5,74,P1,1,1,G2,402,1
406,47,C5,72,P1,1,1,G2,403,3
407,47,D5,74,P1,1,1,G2,404,1
408,47,E5,76,P1,1,1,G2,405,2
409,47,F5,77,P1,1,1,G2,406,3
410,47,G5,79,P1,1,1,G2,407,1
411,47,A5,81,P1,1,1,G2,408,2
412,47,Bb5,82,P1,1,1,G2,409,3
413,47,C6,84,P1,1,1,G2,410,4
414,47,Bb5,82,P1,1,1,G2,411,3
415,47,A5,81,P1,1,1,G2,412,2
416,47,G5,79,P1,1,1,G2,413,1
417,47,F5,77,P1,1,1,G2,414,3
418,47,E5,76,P1,1,1,G2,415,2
419,47,D5,74,P1,1,1,G2,416,1
420,47,C5,72,P1,1,1,G2,417,3
421,48,Bb4,70,P1,1,1,G2,418,2
422,48,C5,72,P1,1,1,G2,419,3
423,48,D5,74,P1,1,1,G2,420,1
424,48,E5,76,P1,1,1,G2,421,2
425,48,F5,77,P1,1,1,G2,422,3
426,48,G5,79,P1,1,1,G2,423,1
427,48,A5,81,P1,1,1,G2,424,2
428,48,Bb5,82,P1,1,1,G2,425,3
429,48,A5,81,P1,1,1,G2,426,2
430,48,G5,79,P1,1,1,G2,427,1
431,48,F5,77,P1,1,1,G2,428,3
432,48,E5,76,P1,1,1,G2,429,2
433,48,D5,74,P1,1,1,G2,430,1
434,48,C5,72,P1,1,1,G2,431,3
435,48,Bb4,70,P1,1,1,G2,432,2
436,49,A4,69,P1,1,1,G2,433,1
437,49,Bb4,70,P1,1,1,G2,434,2
438,49,C5,72,P1,1,1,G2,435,3
439,49,D5,74,P1,1,1,G2,436,1
440,49,E5,76,P1,1,1,G2,437,2
441,49,F5,77,P1,1,1,G2,438,3
442,49,G5,79,P1,1,1,G2,439,4
443,49,A5,81,P1,1,1,G2,440,5
444,49,G5,79,P1,1,1,G2,441,4
445,49,F5,77,P1,1,1,G2,442,3
446,49,E5,76,P1,1,1,G2,443,2
447,49,D5,74,P1,1,1,G2,444,1
448,49,C5,72,P1,1,1,G2,445,3
449,49,Bb4,70,P1,1,1,G2,446,2
450,49,A4,69,P1,1,1,G2,447,1
451,50,A5,81,P1,1,1,G2,448,4
452,50,A5,81,P1,1,1,G2,449,4
453,51,G5,79,P1,1,1,G2,450,3
454,51,G5,79,P1,1,1,G2,451,3
455,52,F5,77,P1,1,1,G2,452,2
456,52,F5,77,P1,1,1,G2,453,2
457,53,E5,76,P1,1,1,G2,454,1
458,53,E5,76,P1,1,1,G2,455,1
459,54,D5,74,P1,1,1,G2,456,3
460,54,D4,62,P1,1,1,G2,457,1
461,54,E4,64,P1,1,1,G2,458,2
462,54,F4,65,P1,1,1,G2,459,3
463,54,G4,67,P1,1,1,G2,460,1
464,54,A4,69,P1,1,1,G2,461,2
465,54,B4,71,P1,1,1,G2,462,3
466,54,C#5,73,P1,1,1,G2,463,4
467,54,D5,74,P1,1,1,G2,464,5
468,54,A4,69,P1,1,1,G2,465,1
469,54,B4,71,P1,1,1,G2,466,2
470,54,C#5,73,P1,1,1,G2,467,3
471,54,D5,74,P1,1,1,G2,468,1
472,54,E5,76,P1,1,1,G2,469,2
473,54,F5,77,P1,1,1,G2,470,3
474,54,G5,79,P1,1,1,G2,471,1
475,55,A5,81,P1,1,1,G2,472,2
476,55,B5,83,P1,1,1,G2,473,3
477,55,C6,84,P1,1,1,G2,474,4
478,55,B5,83,P1,1,1,G2,475,3
479,55,A5,81,P1,1,1,G2,476,2
480,55,G5,79,P1,1,1,G2,477,1
481,55,F5,77,P1,1,1,G2,478,3
482,55,E5,76,P1,1,1,G2,479,2
483,55,F5,77,P1,1,1,G2,480,3
484,55,G5,79,P1,1,1,G2,481,4
485,55,A5,81,P1,1,1,G2,482,5
486,55,G5,79,P1,1,1,G2,483,4
487,55,F5,77,P1,1,1,G2,484,3
488,55,E5,76,P1,1,1,G2,485,2
489,55,D5,74,P1,1,1,G2,486,1
490,55,C5,72,P1,1,1,G2,487,3
491,56,B4,71,P1,1,1,G2,488,2
492,56,G5,79,P1,1,1,G2,489,5
493,56,E5,76,P1,1,1,G2,490,3
494,56,C5,72,P1,1,1,G2,491,1
495,56,D5,74,P1,1,1,G2,492,2
496,56,G5,79,P1,1,1,G2,493,5
497,56,E5,76,P1,1,1,G2,494,4
498,56,C5,72,P1,1,1,G2,495,2
499,57,D5,74,P1,1,1,G2,496,3
500,57,B4,71,P1,1,1,G2,497,1
501,57,G5,79,P1,1,1,G2,497,4
502,57,G4,67,P1,1,1,G2,498,1
503,59,G5,79,P1,1,1,G2,499,5
504,59,E5,76,P1,1,1,G2,500,4
505,59,C5,72,P1,1,1,G2,501,2
506,59,C5,72,P1,1,1,G2,502,2
507,59,D5,74,P1,1,1,G2,503,3
508,59,E5,76,P1,1,1,G2,504,4
509,59,D5,74,P1,1,1,G2,505,3
510,59,C5,72,P1,1,1,G2,506,2
511,60,C5,72,P1,1,1,G2,507,2
512,60,B4,71,P1,1,1,G2,508,1
513,60,B4,71,P1,1,1,G2,509,1
514,61,G5,79,P1,1,1,G2,510,5
515,61,E5,76,P1,1,1,G2,511,4
516,61,C5,72,P1,1,1,G2,512,2
517,61,C5,72,P1,1,1,G2,513,2
518,61,D5,74,P1,1,1,G2,514,3
519,61,E5,76,P1,1,1,G2,515,4
520,61,D5,74,P1,1,1,G2,516,3
521,61,C5,72,P1,1,1,G2,517,2
522,62,C5,72,P1,1,1,G2,518,2
523,62,B4,71,P1,1,1,G2,519,1
524,62,B4,71,P1,1,1,G2,520,1
525,63,G5,79,P1,1,1,G2,521,5
526,63,G5,79,P1,1,1,G2,522,5
527,63,E5,76,P1,1,1,G2,523,4
528,63,C5,72,P1,1,1,G2,524,2
529,63,A4,69,P1,1,1,G2,525,1
530,63,A4,69,P1,1,1,G2,526,1
531,63,C5,72,P1,1,1,G2,527,3
532,63,A4,69,P1,1,1,G2,528,1
533,64,F5,77,P1,1,1,G2,529,5
534,64,F5,77,P1,1,1,G2,530,5
535,64,D5,74,P1,1,1,G2,531,4
536,64,B4,71,P1,1,1,G2,532,3
537,64,G4,67,P1,1,1,G2,533,1
538,64,G5,79,P1,1,1,G2,534,4
539,64,B5,83,P1,1,1,G2,535,3
540,64,G5,79,P1,1,1,G2,536,1
541,65,E6,88,P1,1,1,G2,537,5
542,65,E6,88,P1,1,1,G2,538,5
543,65,C6,84,P1,1,1,G2,539,4
544,65,A5,81,P1,1,1,G2,540,3
545,65,F5,77,P1,1,1,G2,541,1
546,65,F5,77,P1,1,1,G2,542,1
547,65,A5,81,P1,1,1,G2,543,3
548,65,F5,77,P1,1,1,G2,544,1
549,66,D6,86,P1,1,1,G2,545,5
550,66,D6,86,P1,1,1,G2,546,5
551,66,B5,83,P1,1,1,G2,547,4
552,66,G5,79,P1,1,1,G2,548,2
553,66,E5,76,P1,1,1,G2,549,1
554,66,C6,84,P1,1,1,G2,550,5
555,66,G5,79,P1,1,1,G2,551,4
556,66,E5,76,P1,1,1,G2,552,2
557,67,D5,74,P1,1,1,G2,553,1
558,67,D5,74,P1,1,1,G2,554,1
559,67,D5,74,P1,1,1,G2,555,1
560,68,A5,81,P1,1,1,G2,556,2
561,68,A5,81,P1,1,1,G2,557,2
562,68,A5,81,P1,1,1,G2,558,2
563,69,G5,79,P1,1,1,G2,559,1
564,69,A5,81,P1,1,1,G2,560,2
565,69,B5,83,P1,1,1,G2,561,3
566,69,C6,84,P1,1,1,G2,562,1
567,69,D6,86,P1,1,1,G2,563,2
568,69,E6,88,P1,1,1,G2,564,3
569,69,D6,86,P1,1,1,G2,565,2
570,69,C6,84,P1,1,1,G2,566,1
571,69,B5,83,P1,1,1,G2,567,3
572,69,A5,81,P1,1,1,G2,568,2
573,69,G5,79,P1,1,1,G2,569,1
574,69,F5,77,P1,1,1,G2,570,3
575,69,E5,76,P1,1,1,G2,571,2
576,69,D5,74,P1,1,1,G2,572,1
577,69,C5,72,P1,1,1,G2,573,3
578,70,D5,74,P1,1,1,G2,574,4
579,71,C5,72,P1,1,1,G2,575,3
580,71,C5,72,P1,1,1,G2,576,3
581,71,G4,67,P1,1,1,G2,577,1
582,71,C5,72,P1,1,1,G2,578,3
583,71,E5,76,P1,1,1,G2,579,4
584,71,G5,79,P1,1,1,G2,580,5
585,71,E5,76,P1,1,1,G2,581,3
586,71,C5,72,P1,1,1,G2,582,1
587,71,E5,76,P1,1,1,G2,583,3
588,71,F5,77,P1,1,1,G2,584,4
589,71,D5,74,P1,1,1,G2,585,3
590,71,B4,71,P1,1,1,G2,586,2
591,71,D5,74,P1,1,1,G2,587,4
592,72,C5,72,P1,1,1,G2,588,3
593,72,C4,60,P1,1,1,G2,589,4
594,72,G3,55,P1,1,1,G2,590,1
595,72,C4,60,P1,1,1,G2,591,3
596,72,E4,64,P1,1,1,G2,592,4
597,72,G4,67,P1,1,1,G2,593,5
598,72,E4,64,P1,1,1,G2,594,3
599,72,C4,60,P1,1,1,G2,595,1
600,72,E4,64,P1,1,1,G2,596,3
601,72,F4,65,P1,1,1,G2,597,4
602,72,D4,62,P1,1,1,G2,598,2
603,72,B3,59,P1,1,1,G2,599,1
604,72,D4,62,P1,1,1,G2,600,2
605,73,C4,60,P1,1,1,G2,601,1
606,73,E5,76,P1,1,1,G2,602,1
607,73,G5,79,P1,1,1,G2,602,3
608,73,C6,84,P1,1,1,G2,602,5
609,73,C5,72,P1,1,1,G2,603,5
610,1,C4,60,P2,1,1,G2,1,1
611,1,G4,67,P2,1,1,G2,2,5
612,1,E4,64,P2,1,1,G2,3,3
613,1,G4,67,P2,1,1,G2,4,5
614,1,C4,60,P2,1,1,G2,5,1
615,1,G4,67,P2,1,1,G2,6,4
616,1,E4,64,P2,1,1,G2,7,2
617,1,G4,67,P2,1,1,G2,8,4
618,2,D4,62,P2,1,1,G2,9,1
619,2,G4,67,P2,1,1,G2,10,3
620,2,F4,65,P2,1,1,G2,11,1
621,2,G4,67,P2,1,1,G2,12,3
622,2,C4,60,P2,1,1,G2,13,1
623,2,G4,67,P2,1,1,G2,14,5
624,2,E4,64,P2,1,1,G2,15,3
625,2,G4,67,P2,1,1,G2,16,5
626,3,C4,60,P2,1,1,G2,17,1
627,3,A4,69,P2,1,1,G2,18,5
628,3,F4,65,P2,1,1,G2,19,3
629,3,A4,69,P2,1,1,G2,20,5
630,3,C4,60,P2,1,1,G2,21,1
631,3,G4,67,P2,1,1,G2,22,5
632,3,E4,64,P2,1,1,G2,23,3
633,3,G4,67,P2,1,1,G2,24,5
634,4,B3,59,P2,1,1,G2,25,1
635,4,G4,67,P2,1,1,G2,26,5
636,4,D4,62,P2,1,1,G2,27,2
637,4,G4,67,P2,1,1,G2,28,5
638,4,C4,60,P2,1,1,G2,29,1
639,4,G4,67,P2,1,1,G2,30,4
640,4,E4,64,P2,1,1,G2,31,2
641,4,G4,67,P2,1,1,G2,32,4
642,5,F4,65,P2,1,1,F4,33,5
643,5,F3,53,P2,1,1,F4,34,1
644,5,C4,60,P2,1,1,F4,34,4
645,6,E3,52,P2,1,1,F4,35,1
646,6,C4,60,P2,1,1,F4,35,4
647,6,E3,52,P2,1,1,F4,36,1
648,6,C4,60,P2,1,1,F4,36,4
649,7,D3,50,P2,1,1,F4,37,1
650,7,C4,60,P2,1,1,F4,37,4
651,7,D3,50,P2,1,1,F4,38,1
652,7,B3,59,P2,1,1,F4,38,4
653,8,C3,48,P2,1,1,F4,39,1
654,8,C4,60,P2,1,1,F4,39,5
655,8,C3,48,P2,1,1,F4,40,1
656,8,E3,52,P2,1,1,F4,40,3
657,9,F3,53,P2,1,1,F4,41,1
658,9,A3,57,P2,1,1,F4,41,3
659,10,F3,53,P2,1,1,F4,42,2
660,10,G3,55,P2,1,1,F4,43,1
661,10,A3,57,P2,1,1,F4,44,3
662,10,F#3,54,P2,1,1,F4,45,4
663,11,G2,43,P2,1,1,F4,46,1
664,11,B2,47,P2,1,1,F4,47,3
665,11,D3,50,P2,1,1,F4,48,4
666,11,G3,55,P2,1,1,F4,49,5
667,11,G2,43,P2,1,1,F4,50,1
668,11,C3,48,P2,1,1,F4,51,3
669,11,E3,52,P2,1,1,F4,52,4
670,11,G3,55,P2,1,1,F4,53,5
671,11,G2,43,P2,1,1,F4,54,1
672,11,B2,47,P2,1,1,F4,55,3
673,11,D3,50,P2,1,1,F4,56,4
674,11,G3,55,P2,1,1,F4,57,5
675,11,G2,43,P2,1,1,F4,58,1
676,11,C3,48,P2,1,1,F4,59,3
677,11,E3,52,P2,1,1,F4,60,4
678,11,G3,55,P2,1,1,F4,61,5
679,12,G2,43,P2,1,1,F4,62,1
680,12,G3,55,P2,1,1,F4,63,5
681,12,G2,43,P2,1,1,F4,64,1
682,13,C#4,61,P2,1,1,F4,65,4
683,13,D4,62,P2,1,1,F4,66,3
684,13,C#4,61,P2,1,1,F4,67,4
685,13,D4,62,P2,1,1,F4,68,3
686,13,C#4,61,P2,1,1,F4,69,4
687,13,D4,62,P2,1,1,F4,70,3
688,13,C#4,61,P2,1,1,F4,71,4
689,13,D4,62,P2,1,1,F4,72,3
690,13,C4,60,P2,1,1,F4,73,1
691,13,D4,62,P2,1,1,F4,74,3
692,13,C4,60,P2,1,1,F4,75,1
693,13,D4,62,P2,1,1,F4,76,3
694,13,C4,60,P2,1,1,F4,77,1
695,13,D4,62,P2,1,1,F4,78,3
696,13,C4,60,P2,1,1,F4,79,1
697,13,D4,62,P2,1,1,F4,80,3
698,14,B3,59,P2,1,1,F4,81,2
699,14,D4,62,P2,1,1,F4,82,4
700,14,B3,59,P2,1,1,F4,83,2
701,14,D4,62,P2,1,1,F4,84,4
702,14,B3,59,P2,1,1,F4,85,2
703,14,D4,62,P2,1,1,F4,86,4
704,14,B3,59,P2,1,1,F4,87,2
705,14,D4,62,P2,1,1,F4,88,4
706,14,B3,59,P2,1,1,F4,89,2
707,14,D4,62,P2,1,1,F4,90,4
708,14,B3,59,P2,1,1,F4,91,2
709,14,D4,62,P2,1,1,F4,92,4
710,14,B3,59,P2,1,1,F4,93,2
711,14,D4,62,P2,1,1,F4,94,4
712,14,B3,59,P2,1,1,F4,95,2
713,14,D4,62,P2,1,1,F4,96,3
714,15,C4,60,P2,1,1,F4,97,1
715,15,D4,62,P2,1,1,F4,98,3
716,15,B3,59,P2,1,1,F4,99,2
717,15,D4,62,P2,1,1,F4,100,4
718,15,A3,57,P2,1,1,F4,101,1
719,15,D4,62,P2,1,1,F4,102,4
720,15,B3,59,P2,1,1,F4,103,2
721,15,D4,62,P2,1,1,F4,104,3
722,15,C4,60,P2,1,1,F4,105,1
723,15,D4,62,P2,1,1,F4,106,3
724,15,B3,59,P2,1,1,F4,107,2
725,15,D4,62,P2,1,1,F4,108,3
726,15,C4,60,P2,1,1,F4,109,1
727,15,D4,62,P2,1,1,F4,110,3
728,15,A3,57,P2,1,1,F4,111,1
729,15,D4,62,P2,1,1,F4,112,4
730,16,B3,59,P2,1,1,F4,113,2
731,16,D4,62,P2,1,1,F4,114,4
732,16,B3,59,P2,1,1,F4,115,2
733,16,D4,62,P2,1,1,F4,116,4
734,16,B3,59,P2,1,1,F4,117,2
735,16,D4,62,P2,1,1,F4,118,4
736,16,B3,59,P2,1,1,F4,119,2
737,16,D4,62,P2,1,1,F4,120,4
738,16,B3,59,P2,1,1,F4,121,2
739,16,D4,62,P2,1,1,F4,122,4
740,16,B3,59,P2,1,1,F4,123,2
741,16,D4,62,P2,1,1,F4,124,4
742,16,B3,59,P2,1,1,F4,125,2
743,16,D4,62,P2,1,1,F4,126,4
744,16,B3,59,P2,1,1,F4,127,2
745,16,D4,62,P2,1,1,F4,128,3
746,17,C4,60,P2,1,1,F4,129,1
747,17,D4,62,P2,1,1,F4,130,3
748,17,B3,59,P2,1,1,F4,131,2
749,17,D4,62,P2,1,1,F4,132,4
750,17,A3,57,P2,1,1,F4,133,1
751,17,D4,62,P2,1,1,F4,134,4
752,17,B3,59,P2,1,1,F4,135,2
753,17,D4,62,P2,1,1,F4,136,3
754,17,C4,60,P2,1,1,F4,137,1
755,17,D4,62,P2,1,1,F4,138,3
756,17,B3,59,P2,1,1,F4,139,2
757,17,D4,62,P2,1,1,F4,140,3
758,17,C4,60,P2,1,1,F4,141,1
759,17,D4,62,P2,1,1,F4,142,3
760,17,A3,57,P2,1,1,F4,143,1
761,17,D4,62,P2,1,1,F4,144,4
762,18,B3,59,P2,1,1,F4,145,2
763,19,A3,57,P2,1,1,F4,146,3
764,19,C4,60,P2,1,1,F4,147,5
765,20,G3,55,P2,1,1,F4,148,2
766,20,B3,59,P2,1,1,F4,149,3
767,20,A3,57,P2,1,1,F4,150,4
768,20,C4,60,P2,1,1,F4,151,5
769,21,F#3,54,P2,1,1,F4,152,2
770,21,A3,57,P2,1,1,F4,153,3
771,21,G3,55,P2,1,1,F4,154,1
772,21,B3,59,P2,1,1,F4,155,3
773,22,C4,60,P2,1,1,G2,156,1
774,22,E4,64,P2,1,1,G2,156,3
775,22,C4,60,P2,1,1,G2,157,1
776,22,E4,64,P2,1,1,G2,157,3
777,22,C4,60,P2,1,1,G2,158,1
778,22,E4,64,P2,1,1,G2,158,3
779,22,C4,60,P2,1,1,G2,159,1
780,22,E4,64,P2,1,1,G2,159,3
781,22,C4,60,P2,1,1,G2,160,1
782,22,E4,64,P2,1,1,G2,160,3
783,22,C4,60,P2,1,1,G2,161,1
784,22,E4,64,P2,1,1,G2,161,3
785,22,C4,60,P2,1,1,G2,162,1
786,22,E4,64,P2,1,1,G2,162,3
787,22,C4,60,P2,1,1,G2,163,1
788,22,E4,64,P2,1,1,G2,163,3
789,23,C4,60,P2,1,1,G2,164,1
790,23,E4,64,P2,1,1,G2,164,3
791,23,C4,60,P2,1,1,G2,165,1
792,23,E4,64,P2,1,1,G2,165,3
793,23,C4,60,P2,1,1,G2,166,1
794,23,E4,64,P2,1,1,G2,166,3
795,23,C4,60,P2,1,1,G2,167,1
796,23,E4,64,P2,1,1,G2,167,3
797,23,C4,60,P2,1,1,G2,168,1
798,23,E4,64,P2,1,1,G2,168,3
799,23,C4,60,P2,1,1,G2,169,1
800,23,E4,64,P2,1,1,G2,169,3
801,23,C4,60,P2,1,1,G2,170,1
802,23,E4,64,P2,1,1,G2,170,3
803,23,C4,60,P2,1,1,G2,171,1
804,23,E4,64,P2,1,1,G2,171,3
805,24,D4,62,P2,1,1,G2,172,4
806,24,B4,71,P2,1,1,G2,173,5
807,24,G4,67,P2,1,1,G2,174,3
808,24,B4,71,P2,1,1,G2,175,5
809,24,D4,62,P2,1,1,G2,176,1
810,24,B4,71,P2,1,1,G2,177,5
811,24,G4,67,P2,1,1,G2,178,3
812,24,B4,71,P2,1,1,G2,179,5
813,24,D4,62,P2,1,1,G2,180,1
814,24,B4,71,P2,1,1,G2,181,5
815,24,G4,67,P2,1,1,G2,182,3
816,24,B4,71,P2,1,1,G2,183,5
817,24,D4,62,P2,1,1,G2,184,1
818,24,B4,71,P2,1,1,G2,185,5
819,24,G4,67,P2,1,1,G2,186,3
820,24,B4,71,P2,1,1,G2,187,5
821,25,D4,62,P2,1,1,G2,188,1
822,25,C5,72,P2,1,1,G2,189,5
823,25,F#4,66,P2,1,1,G2,190,2
824,25,C5,72,P2,1,1,G2,191,5
825,25,D4,62,P2,1,1,G2,192,1
826,25,C5,72,P2,1,1,G2,193,5
827,25,F#4,66,P2,1,1,G2,194,2
828,25,C5,72,P2,1,1,G2,195,5
829,25,D4,62,P2,1,1,G2,196,1
830,25,C5,72,P2,1,1,G2,197,5
831,25,F#4,66,P2,1,1,G2,198,2
832,25,C5,72,P2,1,1,G2,199,5
833,25,D4,62,P2,1,1,G2,200,1
834,25,C5,72,P2,1,1,G2,201,5
835,25,F#4,66,P2,1,1,G2,202,2
836,25,C5,72,P2,1,1,G2,203,5
837,26,G4,67,P2,1,1,G2,204,1
838,26,B4,71,P2,1,1,G2,204,3
839,26,D4,62,P2,1,1,G2,205,1
840,26,A4,69,P2,1,1,G2,205,3
841,26,C5,72,P2,1,1,G2,205,5
842,27,G4,67,P2,1,1,F4,206,1
843,27,B4,71,P2,1,1,F4,206,3
844,27,D3,50,P2,1,1,F4,207,1
845,27,A3,57,P2,1,1,F4,207,3
846,27,C4,60,P2,1,1,F4,207,5
847,28,G3,55,P2,1,1,F4,208,1
848,28,B3,59,P2,1,1,F4,208,3
849,28,G2,43,P2,1,1,F4,209,1
850,28,G3,55,P2,1,1,F4,209,5
851,28,G2,43,P2,1,1,F4,210,1
852,28,G3,55,P2,1,1,F4,210,5
853,29,G2,43,P2,1,1,G2,211,1
854,29,G3,55,P2,1,1,G2,211,5
855,29,D4,62,P2,1,1,G2,212,1
856,29,A4,69,P2,1,1,G2,212,3
857,29,C5,72,P2,1,1,G2,212,5
858,30,G4,67,P2,1,1,F4,213,1
859,30,Bb4,70,P2,1,1,F4,213,3
860,30,D3,50,P2,1,1,F4,214,1
861,30,A3,57,P2,1,1,F4,214,3
862,30,C4,60,P2,1,1,F4,214,5
863,31,G2,43,P2,1,1,F4,215,1
864,31,A2,45,P2,1,1,F4,216,3
865,31,Bb2,46,P2,1,1,F4,217,2
866,31,C3,48,P2,1,1,F4,218,1
867,31,D3,50,P2,1,1,F4,219,3
868,31,E3,52,P2,1,1,F4,220,2
869,31,F#3,54,P2,1,1,F4,221,1
870,31,G3,55,P2,1,1,F4,222,3
871,32,A2,45,P2,1,1,F4,223,2
872,32,B2,47,P2,1,1,F4,224,1
873,32,C#3,49,P2,1,1,F4,225,3
874,32,D3,50,P2,1,1,F4,226,2
875,32,E3,52,P2,1,1,F4,227,1
876,32,F#3,54,P2,1,1,F4,228,3
877,32,G#3,56,P2,1,1,F4,229,2
878,32,A3,57,P2,1,1,F4,230,1
879,33,D3,50,P2,1,1,G2,231,1
880,33,D4,62,P2,1,1,G2,231,5
881,33,A3,57,P2,1,1,G2,232,1
882,33,E4,64,P2,1,1,G2,232,3
883,33,G4,67,P2,1,1,G2,232,5
884,34,D4,62,P2,1,1,F4,233,1
885,34,F4,65,P2,1,1,F4,233,3
886,34,A2,45,P2,1,1,F4,234,1
887,34,E3,52,P2,1,1,F4,234,3
888,34,G3,55,P2,1,1,F4,234,5
889,35,D3,50,P2,1,1,F4,235,1
890,35,F3,53,P2,1,1,F4,235,3
891,35,D4,62,P2,1,1,F4,236,4
892,35,F4,65,P2,1,1,F4,237,3
893,35,E4,64,P2,1,1,F4,238,1
894,35,D4,62,P2,1,1,F4,239,2
895,35,C4,60,P2,1,1,F4,240,3
896,35,B3,59,P2,1,1,F4,241,1
897,35,A3,57,P2,1,1,F4,242,2
898,36,G#3,56,P2,1,1,F4,243,3
899,36,G#3,56,P2,1,1,F4,244,3
900,36,B3,59,P2,1,1,F4,245,2
901,36,A3,57,P2,1,1,F4,246,3
902,36,G#3,56,P2,1,1,F4,247,4
903,36,F3,53,P2,1,1,F4,248,2
904,36,E3,52,P2,1,1,F4,249,3
905,36,D3,50,P2,1,1,F4,250,1
906,37,C3,48,P2,1,1,G2,251,2
907,37,D4,62,P2,1,1,G2,252,4
908,37,A4,69,P2,1,1,G2,253,3
909,37,G4,67,P2,1,1,G2,254,1
910,37,F4,65,P2,1,1,G2,255,2
911,37,E4,64,P2,1,1,G2,256,3
912,37,D4,62,P2,1,1,G2,257,1
913,37,C4,60,P2,1,1,G2,258,2
914,38,B3,59,P2,1,1,G2,259,3
915,38,C4,60,P2,1,1,G2,260,2
916,38,G4,67,P2,1,1,G2,261,3
917,38,F4,65,P2,1,1,G2,262,1
918,38,E4,64,P2,1,1,G2,263,2
919,38,D4,62,P2,1,1,G2,264,3
920,38,C4,60,P2,1,1,G2,265,1
921,38,B3,59,P2,1,1,G2,266,2
922,39,A3,57,P2,1,1,G2,267,3
923,39,B3,59,P2,1,1,G2,268,2
924,39,F4,65,P2,1,1,G2,269,3
925,39,E4,64,P2,1,1,G2,270,1
926,39,D4,62,P2,1,1,G2,271,2
927,39,C4,60,P2,1,1,G2,272,3
928,39,B3,59,P2,1,1,G2,273,1
929,39,A3,57,P2,1,1,G2,274,2
930,40,G#3,56,P2,1,1,F4,275,3
931,40,A3,57,P2,1,1,F4,276,2
932,40,C4,60,P2,1,1,F4,277,3
933,40,B3,59,P2,1,1,F4,278,1
934,40,A3,57,P2,1,1,F4,279,2
935,40,G3,55,P2,1,1,F4,280,3
936,40,F3,53,P2,1,1,F4,281,1
937,40,E3,52,P2,1,1,F4,282,2
938,41,D3,50,P2,1,1,F4,283,3
939,41,C3,48,P2,1,1,F4,284,1
940,41,G3,55,P2,1,1,F4,284,3
941,41,Bb3,58,P2,1,1,F4,284,5
942,42,F4,65,P2,1,1,G2,285,4
943,42,C5,72,P2,1,1,G2,286,5
944,42,A4,69,P2,1,1,G2,287,3
945,42,C5,72,P2,1,1,G2,288,5
946,42,F4,65,P2,1,1,G2,289,1
947,42,C5,72,P2,1,1,G2,290,4
948,42,A4,69,P2,1,1,G2,291,2
949,42,C5,72,P2,1,1,G2,292,4
950,43,G4,67,P2,1,1,G2,293,1
951,43,C5,72,P2,1,1,G2,294,3
952,43,Bb4,70,P2,1,1,G2,295,1
953,43,C5,72,P2,1,1,G2,296,3
954,43,F4,65,P2,1,1,G2,297,1
955,43,C5,72,P2,1,1,G2,298,5
956,43,A4,69,P2,1,1,G2,299,3
957,43,C5,72,P2,1,1,G2,300,5
958,44,F4,65,P2,1,1,G2,301,1
959,44,D5,74,P2,1,1,G2,302,5
960,44,Bb4,70,P2,1,1,G2,303,3
961,44,D5,74,P2,1,1,G2,304,5
962,44,F4,65,P2,1,1,G2,305,1
963,44,C5,72,P2,1,1,G2,306,5
964,44,A4,69,P2,1,1,G2,307,3
965,44,C5,72,P2,1,1,G2,308,5
966,45,E4,64,P2,1,1,G2,309,1
967,45,C5,72,P2,1,1,G2,310,5
968,45,G4,67,P2,1,1,G2,311,2
969,45,C5,72,P2,1,1,G2,312,5
970,45,F4,65,P2,1,1,G2,313,1
971,45,C5,72,P2,1,1,G2,314,4
972,45,A4,69,P2,1,1,G2,315,2
973,45,C5,72,P2,1,1,G2,316,4
974,46,Bb4,70,P2,1,1,G2,317,5
975,46,Bb3,58,P2,1,1,G2,318,1
976,46,F4,65,P2,1,1,G2,318,4
977,47,A3,57,P2,1,1,G2,319,1
978,47,F4,65,P2,1,1,G2,319,4
979,47,A3,57,P2,1,1,G2,320,1
980,47,F4,65,P2,1,1,G2,320,4
981,48,G3,55,P2,1,1,G2,321,1
982,48,F4,65,P2,1,1,G2,321,4
983,48,G3,55,P2,1,1,G2,322,1
984,48,E4,64,P2,1,1,G2,322,4
985,49,F3,53,P2,1,1,G2,323,1
986,49,F4,65,P2,1,1,G2,323,5
987,50,F3,53,P2,1,1,F4,324,2
988,50,G3,55,P2,1,1,F4,325,1
989,50,A3,57,P2,1,1,F4,326,3
990,50,Bb3,58,P2,1,1,F4,327,2
991,50,C4,60,P2,1,1,F4,328,1
992,50,D4,62,P2,1,1,F4,329,3
993,50,E4,64,P2,1,1,F4,330,2
994,50,F4,65,P2,1,1,F4,331,1
995,50,E4,64,P2,1,1,F4,332,2
996,50,D4,62,P2,1,1,F4,333,3
997,50,C4,60,P2,1,1,F4,334,1
998,50,Bb3,58,P2,1,1,F4,335,2
999,50,A3,57,P2,1,1,F4,336,3
1000,50,G3,55,P2,1,1,F4,337,1
1001,50,F3,53,P2,1,1,F4,338,2
1002,51,E3,52,P2,1,1,F4,339,3
1003,51,F3,53,P2,1,1,F4,340,2
1004,51,G3,55,P2,1,1,F4,341,1
1005,51,A3,57,P2,1,1,F4,342,3
1006,51,B3,59,P2,1,1,F4,343,2
1007,51,C4,60,P2,1,1,F4,344,1
1008,51,D4,62,P2,1,1,F4,345,3
1009,51,E4,64,P2,1,1,F4,346,2
1010,51,D4,62,P2,1,1,F4,347,3
1011,51,C4,60,P2,1,1,F4,348,1
1012,51,B3,59,P2,1,1,F4,349,2
1013,51,A3,57,P2,1,1,F4,350,3
1014,51,G3,55,P2,1,1,F4,351,1
1015,51,F3,53,P2,1,1,F4,352,2
1016,51,E3,52,P2,1,1,F4,353,3
1017,52,D3,50,P2,1,1,F4,354,1
1018,52,E3,52,P2,1,1,F4,355,3
1019,52,F3,53,P2,1,1,F4,356,2
1020,52,G3,55,P2,1,1,F4,357,1
1021,52,A3,57,P2,1,1,F4,358,3
1022,52,B3,59,P2,1,1,F4,359,2
1023,52,C4,60,P2,1,1,F4,360,1
1024,52,D4,62,P2,1,1,F4,361,3
1025,52,C4,60,P2,1,1,F4,362,1
1026,52,B3,59,P2,1,1,F4,363,2
1027,52,A3,57,P2,1,1,F4,364,3
1028,52,G3,55,P2,1,1,F4,365,1
1029,52,F3,53,P2,1,1,F4,366,2
1030,52,E3,52,P2,1,1,F4,367,3
1031,52,D3,50,P2,1,1,F4,368,1
1032,53,C3,48,P2,1,1,F4,369,2
1033,53,D3,50,P2,1,1,F4,370,1
1034,53,E3,52,P2,1,1,F4,371,3
1035,53,F3,53,P2,1,1,F4,372,2
1036,53,G3,55,P2,1,1,F4,373,1
1037,53,A3,57,P2,1,1,F4,374,3
1038,53,B3,59,P2,1,1,F4,375,2
1039,53,C4,60,P2,1,1,F4,376,1
1040,53,B3,59,P2,1,1,F4,377,2
1041,53,A3,57,P2,1,1,F4,378,3
1042,53,G3,55,P2,1,1,F4,379,1
1043,53,F3,53,P2,1,1,F4,380,2
1044,53,E3,52,P2,1,1,F4,381,3
1045,53,D3,50,P2,1,1,F4,382,1
1046,53,C3,48,P2,1,1,F4,383,2
1047,54,F3,53,P2,1,1,F4,384,1
1048,54,A3,57,P2,1,1,F4,384,3
1049,55,F3,53,P2,1,1,F4,385,5
1050,55,G3,55,P2,1,1,F4,386,4
1051,55,A3,57,P2,1,1,F4,387,3
1052,55,F#3,54,P2,1,1,F4,388,4
1053,56,G2,43,P2,1,1,F4,389,1
1054,56,B2,47,P2,1,1,F4,390,3
1055,56,D3,50,P2,1,1,F4,391,4
1056,56,G3,55,P2,1,1,F4,392,5
1057,56,G2,43,P2,1,1,F4,393,1
1058,56,C3,48,P2,1,1,F4,394,3
1059,56,E3,52,P2,1,1,F4,395,4
1060,56,G3,55,P2,1,1,F4,396,5
1061,56,G2,43,P2,1,1,F4,397,1
1062,56,B2,47,P2,1,1,F4,398,3
1063,56,D3,50,P2,1,1,F4,399,4
1064,56,G3,55,P2,1,1,F4,400,5
1065,56,G2,43,P2,1,1,F4,401,1
1066,56,C3,48,P2,1,1,F4,402,3
1067,56,E3,52,P2,1,1,F4,403,4
1068,56,G3,55,P2,1,1,F4,404,5
1069,57,G2,43,P2,1,1,F4,405,1
1070,57,G3,55,P2,1,1,F4,406,5
1071,57,G2,43,P2,1,1,F4,407,1
1072,58,F#4,66,P2,1,1,G2,408,4
1073,58,G4,67,P2,1,1,G2,409,3
1074,58,F#4,66,P2,1,1,G2,410,4
1075,58,G4,67,P2,1,1,G2,411,3
1076,58,F#4,66,P2,1,1,G2,412,4
1077,58,G4,67,P2,1,1,G2,413,3
1078,58,F#4,66,P2,1,1,G2,414,4
1079,58,G4,67,P2,1,1,G2,415,3
1080,58,F4,65,P2,1,1,G2,416,1
1081,58,G4,67,P2,1,1,G2,417,3
1082,58,F4,65,P2,1,1,G2,418,1
1083,58,G4,67,P2,1,1,G2,419,3
1084,58,F4,65,P2,1,1,G2,420,1
1085,58,G4,67,P2,1,1,G2,421,3
1086,58,F4,65,P2,1,1,G2,422,1
1087,58,G4,67,P2,1,1,G2,423,3
1088,59,E4,64,P2,1,1,G2,424,2
1089,59,G4,67,P2,1,1,G2,425,4
1090,59,E4,64,P2,1,1,G2,426,2
1091,59,G4,67,P2,1,1,G2,427,4
1092,59,E4,64,P2,1,1,G2,428,2
1093,59,G4,67,P2,1,1,G2,429,4
1094,59,E4,64,P2,1,1,G2,430,2
1095,59,G4,67,P2,1,1,G2,431,4
1096,59,E4,64,P2,1,1,G2,432,2
1097,59,G4,67,P2,1,1,G2,433,4
1098,59,E4,64,P2,1,1,G2,434,2
1099,59,G4,67,P2,1,1,G2,435,4
1100,59,E4,64,P2,1,1,G2,436,2
1101,59,G4,67,P2,1,1,G2,437,4
1102,59,E4,64,P2,1,1,G2,438,2
1103,59,G4,67,P2,1,1,G2,439,3
1104,60,F4,65,P2,1,1,G2,440,1
1105,60,G4,67,P2,1,1,G2,441,3
1106,60,E4,64,P2,1,1,G2,442,2
1107,60,G4,67,P2,1,1,G2,443,4
1108,60,D4,62,P2,1,1,G2,444,1
1109,60,G4,67,P2,1,1,G2,445,4
1110,60,E4,64,P2,1,1,G2,446,2
1111,60,G4,67,P2,1,1,G2,447,3
1112,60,F4,65,P2,1,1,G2,448,1
1113,60,G4,67,P2,1,1,G2,449,3
1114,60,E4,64,P2,1,1,G2,450,2
1115,60,G4,67,P2,1,1,G2,451,3
1116,60,F4,65,P2,1,1,G2,452,1
1117,60,G4,67,P2,1,1,G2,453,3
1118,60,D4,62,P2,1,1,G2,454,1
1119,60,G4,67,P2,1,1,G2,455,4
1120,61,E4,64,P2,1,1,G2,456,2
1121,61,G4,67,P2,1,1,G2,457,4
1122,61,E4,64,P2,1,1,G2,458,2
1123,61,G4,67,P2,1,1,G2,459,4
1124,61,E4,64,P2,1,1,G2,460,2
1125,61,G4,67,P2,1,1,G2,461,4
1126,61,E4,64,P2,1,1,G2,462,2
1127,61,G4,67,P2,1,1,G2,463,4
1128,61,E4,64,P2,1,1,G2,464,2
1129,61,G4,67,P2,1,1,G2,465,4
1130,61,E4,64,P2,1,1,G2,466,2
1131,61,G4,67,P2,1,1,G2,467,4
1132,61,E4,64,P2,1,1,G2,468,2
1133,61,G4,67,P2,1,1,G2,469,4
1134,61,E4,64,P2,1,1,G2,470,2
1135,61,G4,67,P2,1,1,G2,471,3
1136,62,F4,65,P2,1,1,G2,472,1
1137,62,G4,67,P2,1,1,G2,473,3
1138,62,E4,64,P2,1,1,G2,474,2
1139,62,G4,67,P2,1,1,G2,475,4
1140,62,D4,62,P2,1,1,G2,476,1
1141,62,G4,67,P2,1,1,G2,477,4
1142,62,E4,64,P2,1,1,G2,478,2
1143,62,G4,67,P2,1,1,G2,479,3
1144,62,F4,65,P2,1,1,G2,480,1
1145,62,G4,67,P2,1,1,G2,481,3
1146,62,E4,64,P2,1,1,G2,482,2
1147,62,G4,67,P2,1,1,G2,483,3
1148,62,F4,65,P2,1,1,G2,484,1
1149,62,G4,67,P2,1,1,G2,485,3
1150,62,D4,62,P2,1,1,G2,486,2
1151,62,G4,67,P2,1,1,G2,487,5
1152,63,E3,52,P2,1,1,F4,488,1
1153,63,G3,55,P2,1,1,F4,489,2
1154,63,C4,60,P2,1,1,F4,490,4
1155,63,E4,64,P2,1,1,F4,491,5
1156,63,F3,53,P2,1,1,F4,492,1
1157,63,A3,57,P2,1,1,F4,493,3
1158,63,C4,60,P2,1,1,F4,494,4
1159,63,F4,65,P2,1,1,F4,495,5
1160,64,D3,50,P2,1,1,F4,496,1
1161,64,F3,53,P2,1,1,F4,497,2
1162,64,B3,59,P2,1,1,F4,498,4
1163,64,D4,62,P2,1,1,F4,499,5
1164,64,E3,52,P2,1,1,F4,500,1
1165,64,G3,55,P2,1,1,F4,501,2
1166,64,B3,59,P2,1,1,F4,502,4
1167,64,E4,64,P2,1,1,F4,503,3
1168,65,C4,60,P2,1,1,G2,504,1
1169,65,E4,64,P2,1,1,G2,505,3
1170,65,G4,67,P2,1,1,G2,506,2
1171,65,C5,72,P2,1,1,G2,507,5
1172,65,D4,62,P2,1,1,G2,508,1
1173,65,F4,65,P2,1,1,G2,509,2
1174,65,A4,69,P2,1,1,G2,510,4
1175,65,D5,74,P2,1,1,G2,511,5
1176,66,B3,59,P2,1,1,G2,512,1
1177,66,D4,62,P2,1,1,G2,513,2
1178,66,G4,67,P2,1,1,G2,514,4
1179,66,B4,71,P2,1,1,G2,515,5
1180,66,C4,60,P2,1,1,G2,516,1
1181,66,E4,64,P2,1,1,G2,517,3
1182,66,G4,67,P2,1,1,G2,518,2
1183,66,C5,72,P2,1,1,G2,519,5
1184,67,F4,65,P2,1,1,G2,520,1
1185,67,A4,69,P2,1,1,G2,520,3
1186,67,F4,65,P2,1,1,G2,521,1
1187,67,A4,69,P2,1,1,G2,521,3
1188,67,F4,65,P2,1,1,G2,522,1
1189,67,A4,69,P2,1,1,G2,522,3
1190,67,F4,65,P2,1,1,G2,523,1
1191,67,A4,69,P2,1,1,G2,523,3
1192,67,F4,65,P2,1,1,G2,524,1
1193,67,A4,69,P2,1,1,G2,524,3
1194,67,F4,65,P2,1,1,G2,525,1
1195,67,A4,69,P2,1,1,G2,525,3
1196,67,F4,65,P2,1,1,G2,526,1
1197,67,A4,69,P2,1,1,G2,526,3
1198,68,F#3,54,P2,1,1,F4,527,1
1199,68,C4,60,P2,1,1,F4,527,3
1200,68,Eb4,63,P2,1,1,F4,527,5
1201,68,F#3,54,P2,1,1,F4,528,1
1202,68,C4,60,P2,1,1,F4,528,3
1203,68,Eb4,63,P2,1,1,F4,528,5
1204,68,F#3,54,P2,1,1,F4,529,1
1205,68,C4,60,P2,1,1,F4,529,3
1206,68,Eb4,63,P2,1,1,F4,529,5
1207,68,F#3,54,P2,1,1,F4,530,1
1208,68,C4,60,P2,1,1,F4,530,3
1209,68,Eb4,63,P2,1,1,F4,530,5
1210,68,F#3,54,P2,1,1,F4,531,1
1211,68,C4,60,P2,1,1,F4,531,3
1212,68,Eb4,63,P2,1,1,F4,531,5
1213,68,F#3,54,P2,1,1,F4,532,1
1214,68,C4,60,P2,1,1,F4,532,3
1215,68,Eb4,63,P2,1,1,F4,532,5
1216,68,F#3,54,P2,1,1,F4,533,1
1217,68,C4,60,P2,1,1,F4,533,3
1218,68,Eb4,63,P2,1,1,F4,533,5
1219,68,F#3,54,P2,1,1,F4,534,1
1220,68,C4,60,P2,1,1,F4,534,3
1221,68,Eb4,63,P2,1,1,F4,534,5
1222,69,G3,55,P2,1,1,F4,535,1
1223,69,E4,64,P2,1,1,F4,536,5
1224,69,C4,60,P2,1,1,F4,537,3
1225,69,E4,64,P2,1,1,F4,538,5
1226,69,G3,55,P2,1,1,F4,539,1
1227,69,E4,64,P2,1,1,F4,540,5
1228,69,C4,60,P2,1,1,F4,541,3
1229,69,E4,64,P2,1,1,F4,542,5
1230,69,G3,55,P2,1,1,F4,543,1
1231,69,E4,64,P2,1,1,F4,544,5
1232,69,C4,60,P2,1,1,F4,545,3
1233,69,E4,64,P2,1,1,F4,546,5
1234,69,G3,55,P2,1,1,F4,547,1
1235,69,E4,64,P2,1,1,F4,548,5
1236,69,C4,60,P2,1,1,F4,549,3
1237,69,E4,64,P2,1,1,F4,550,5
1238,70,G3,55,P2,1,1,F4,551,1
1239,70,F4,65,P2,1,1,F4,552,5
1240,70,D4,62,P2,1,1,F4,553,3
1241,70,F4,65,P2,1,1,F4,554,5
1242,70,G3,55,P2,1,1,F4,555,1
1243,70,F4,65,P2,1,1,F4,556,5
1244,70,D4,62,P2,1,1,F4,557,3
1245,70,F4,65,P2,1,1,F4,558,5
1246,70,G3,55,P2,1,1,F4,559,1
1247,70,F4,65,P2,1,1,F4,560,5
1248,70,D4,62,P2,1,1,F4,561,3
1249,70,F4,65,P2,1,1,F4,562,5
1250,70,G3,55,P2,1,1,F4,563,1
1251,70,F4,65,P2,1,1,F4,564,5
1252,70,D4,62,P2,1,1,F4,565,3
1253,70,F4,65,P2,1,1,F4,566,5
1254,71,C4,60,P2,1,1,F4,567,1
1255,71,E4,64,P2,1,1,F4,567,3
1256,71,G3,55,P2,1,1,F4,568,1
1257,71,D4,62,P2,1,1,F4,568,3
1258,71,F4,65,P2,1,1,F4,568,5
1259,72,C4,60,P2,1,1,F4,569,1
1260,72,E4,64,P2,1,1,F4,569,3
1261,72,G2,43,P2,1,1,F4,570,1
1262,72,D3,50,P2,1,1,F4,570,3
1263,72,F3,53,P2,1,1,F4,570,5
1264,73,C3,48,P2,1,1,F4,571,1
1265,73,E3,52,P2,1,1,F4,571,3
1266,73,C3,48,P2,1,1,F4,572,1
1267,73,C4,60,P2,1,1,F4,572,5
1268,73,C2,36,P2,1,1,F4,573,1
1269,73,C3,48,P2,1,1,F4,573,5
