idx,measure,pitch,midi,part,staff,voice,clef,chord_id,hand,predicted_fingering
0,1,C5,72,P1,1,1,G2,1,RH,3
1,1,E5,76,P1,1,1,G2,2,RH,4
2,1,G5,79,P1,1,1,G2,3,RH,5
3,2,B4,71,P1,1,1,G2,4,RH,3
4,2,C5,72,P1,1,1,G2,5,RH,4
5,2,D5,74,P1,1,1,G2,6,RH,5
6,2,C5,72,P1,1,1,G2,7,RH,4
7,3,A5,81,P1,1,1,G2,8,RH,5
8,3,G5,79,P1,1,1,G2,9,RH,4
9,3,C6,84,P1,1,1,G2,10,RH,5
10,4,G5,79,P1,1,1,G2,11,RH,4
11,4,F5,77,P1,1,1,G2,12,RH,3
12,4,E5,76,P1,1,1,G2,13,RH,2
13,4,F5,77,P1,1,1,G2,14,RH,3
14,4,E5,76,P1,1,1,G2,15,RH,2
15,5,A4,69,P1,1,1,G2,16,RH,3
16,5,B4,71,P1,1,1,G2,17,RH,1
17,5,C5,72,P1,1,1,G2,18,RH,2
18,5,D5,74,P1,1,1,G2,19,RH,3
19,5,E5,76,P1,1,1,G2,20,RH,4
20,5,F5,77,P1,1,1,G2,21,RH,5
21,5,G5,79,P1,1,1,G2,22,RH,5
22,5,A5,81,P1,1,1,G2,23,RH,5
23,5,G5,79,P1,1,1,G2,24,RH,4
24,5,F5,77,P1,1,1,G2,25,RH,3
25,5,E5,76,P1,1,1,G2,26,RH,2
26,5,D5,74,P1,1,1,G2,27,RH,1
27,5,C5,72,P1,1,1,G2,28,RH,3
28,5,B4,71,P1,1,1,G2,29,RH,2
29,5,A4,69,P1,1,1,G2,30,RH,1
30,6,G4,67,P1,1,1,G2,31,RH,3
31,6,A4,69,P1,1,1,G2,32,RH,1
32,6,B4,71,P1,1,1,G2,33,RH,2
33,6,C5,72,P1,1,1,G2,34,RH,3
34,6,D5,74,P1,1,1,G2,35,RH,1
35,6,E5,76,P1,1,1,G2,36,RH,2
36,6,F5,77,P1,1,1,G2,37,RH,3
37,6,G5,79,P1,1,1,G2,38,RH,4
38,6,F5,77,P1,1,1,G2,39,RH,3
39,6,E5,76,P1,1,1,G2,40,RH,2
40,6,D5,74,P1,1,1,G2,41,RH,1
41,6,C5,72,P1,1,1,G2,42,RH,3
42,6,B4,71,P1,1,1,G2,43,RH,2
43,6,A4,69,P1,1,1,G2,44,RH,1
44,6,G4,67,P1,1,1,G2,45,RH,3
45,7,F4,65,P1,1,1,G2,46,RH,2
46,7,G4,67,P1,1,1,G2,47,RH,3
47,7,A4,69,P1,1,1,G2,48,RH,1
48,7,B4,71,P1,1,1,G2,49,RH,2
49,7,C5,72,P1,1,1,G2,50,RH,3
50,7,D5,74,P1,1,1,G2,51,RH,1
51,7,E5,76,P1,1,1,G2,52,RH,2
52,7,F5,77,P1,1,1,G2,53,RH,3
53,7,E5,76,P1,1,1,G2,54,RH,2
54,7,D5,74,P1,1,1,G2,55,RH,1
55,7,C5,72,P1,1,1,G2,56,RH,3
56,7,B4,71,P1,1,1,G2,57,RH,2
57,7,A4,69,P1,1,1,G2,58,RH,1
58,7,G4,67,P1,1,1,G2,59,RH,3
59,7,F4,65,P1,1,1,G2,60,RH,2
60,8,E4,64,P1,1,1,G2,61,RH,1
61,8,F4,65,P1,1,1,G2,62,RH,2
62,8,G4,67,P1,1,1,G2,63,RH,3
63,8,A4,69,P1,1,1,G2,64,RH,1
64,8,B4,71,P1,1,1,G2,65,RH,2
65,8,C5,72,P1,1,1,G2,66,RH,3
66,8,D5,74,P1,1,1,G2,67,RH,4
67,8,E5,76,P1,1,1,G2,68,RH,5
68,8,D5,74,P1,1,1,G2,69,RH,4
69,8,C5,72,P1,1,1,G2,70,RH,3
70,8,B4,71,P1,1,1,G2,71,RH,2
71,8,A4,69,P1,1,1,G2,72,RH,1
72,8,G4,67,P1,1,1,G2,73,RH,3
73,8,F4,65,P1,1,1,G2,74,RH,2
74,8,E4,64,P1,1,1,G2,75,RH,1
75,9,D4,62,P1,1,1,G2,76,RH,3
76,9,E4,64,P1,1,1,G2,77,RH,1
77,9,F4,65,P1,1,1,G2,78,RH,2
78,9,G4,67,P1,1,1,G2,79,RH,3
79,9,A4,69,P1,1,1,G2,80,RH,1
80,9,B4,71,P1,1,1,G2,81,RH,2
81,9,C#5,73,P1,1,1,G2,82,RH,3
82,9,D5,74,P1,1,1,G2,83,RH,4
83,9,A4,69,P1,1,1,G2,84,RH,3
84,9,B4,71,P1,1,1,G2,85,RH,1
85,9,C#5,73,P1,1,1,G2,86,RH,2
86,9,D5,74,P1,1,1,G2,87,RH,3
87,9,E5,76,P1,1,1,G2,88,RH,1
88,9,F5,77,P1,1,1,G2,89,RH,2
89,9,G5,79,P1,1,1,G2,90,RH,3
90,10,A5,81,P1,1,1,G2,91,RH,4
91,10,B5,83,P1,1,1,G2,92,RH,5
92,10,C6,84,P1,1,1,G2,93,RH,5
93,10,B5,83,P1,1,1,G2,94,RH,3
94,10,A5,81,P1,1,1,G2,95,RH,2
95,10,G5,79,P1,1,1,G2,96,RH,1
96,10,F5,77,P1,1,1,G2,97,RH,3
97,10,E5,76,P1,1,1,G2,98,RH,2
98,10,F5,77,P1,1,1,G2,99,RH,3
99,10,G5,79,P1,1,1,G2,100,RH,4
100,10,A5,81,P1,1,1,G2,101,RH,5
101,10,G5,79,P1,1,1,G2,102,RH,4
102,10,F5,77,P1,1,1,G2,103,RH,3
103,10,E5,76,P1,1,1,G2,104,RH,2
104,10,D5,74,P1,1,1,G2,105,RH,1
105,10,C5,72,P1,1,1,G2,106,RH,3
106,11,B4,71,P1,1,1,G2,107,RH,2
107,11,G5,79,P1,1,1,G2,108,RH,4
108,11,E5,76,P1,1,1,G2,109,RH,3
109,11,C5,72,P1,1,1,G2,110,RH,2
110,11,D5,74,P1,1,1,G2,111,RH,3
111,11,G5,79,P1,1,1,G2,112,RH,4
112,11,E5,76,P1,1,1,G2,113,RH,3
113,11,C5,72,P1,1,1,G2,114,RH,2
114,12,D5,74,P1,1,1,G2,115,RH,3
115,12,B4,71,P1,1,1,G2,116,RH,1
116,12,D5,74,P1,1,1,G2,116,RH,3
117,12,G5,79,P1,1,1,G2,116,RH,5
118,12,G4,67,P1,1,1,G2,117,RH,2
119,14,D6,86,P1,1,1,G2,118,RH,4
120,14,B5,83,P1,1,1,G2,119,RH,5
121,14,G5,79,P1,1,1,G2,120,RH,4
122,14,G5,79,P1,1,1,G2,121,RH,4
123,14,A5,81,P1,1,1,G2,122,RH,5
124,14,B5,83,P1,1,1,G2,123,RH,5
125,14,A5,81,P1,1,1,G2,124,RH,3
126,14,G5,79,P1,1,1,G2,125,RH,2
127,15,G5,79,P1,1,1,G2,126,RH,2
128,15,F#5,78,P1,1,1,G2,127,RH,1
129,15,F#5,78,P1,1,1,G2,128,RH,1
130,16,D6,86,P1,1,1,G2,129,RH,5
131,16,B5,83,P1,1,1,G2,130,RH,4
132,16,G5,79,P1,1,1,G2,131,RH,3
133,16,G5,79,P1,1,1,G2,132,RH,3
134,16,A5,81,P1,1,1,G2,133,RH,4
135,16,B5,83,P1,1,1,G2,134,RH,5
136,16,A5,81,P1,1,1,G2,135,RH,4
137,16,G5,79,P1,1,1,G2,136,RH,3
138,17,G5,79,P1,1,1,G2,137,RH,3
139,17,F#5,78,P1,1,1,G2,138,RH,2
140,17,F#5,78,P1,1,1,G2,139,RH,2
141,18,D6,86,P1,1,1,G2,140,RH,4
142,18,B4,71,P1,1,1,G2,141,RH,3
143,18,E5,76,P1,1,1,G2,142,RH,4
144,18,C5,72,P1,1,1,G2,143,RH,3
145,18,D4,62,P1,1,2,G2,144,RH,1
146,18,G4,67,P1,1,2,G2,145,RH,2
147,18,D6,86,P1,1,2,G2,146,RH,4
148,18,B5,83,P1,1,2,G2,147,RH,5
149,18,G5,79,P1,1,2,G2,148,RH,4
150,18,C4,60,P1,1,2,G2,149,RH,2
151,18,E4,64,P1,1,2,G2,150,RH,1
152,18,G4,67,P1,1,2,G2,151,RH,2
153,18,E5,76,P1,1,2,G2,152,RH,4
154,18,G5,79,P1,1,2,G2,153,RH,5
155,18,E5,76,P1,1,2,G2,154,RH,4
156,19,C6,84,P1,1,1,G2,155,RH,5
157,19,A4,69,P1,1,1,G2,156,RH,3
158,19,D5,74,P1,1,1,G2,157,RH,4
159,19,B4,71,P1,1,1,G2,158,RH,3
160,19,F#4,66,P1,1,2,G2,159,RH,2
161,19,C6,84,P1,1,2,G2,160,RH,4
162,19,A5,81,P1,1,2,G2,161,RH,5
163,19,F#5,78,P1,1,2,G2,162,RH,4
164,19,B3,59,P1,1,2,G2,163,RH,2
165,19,D4,62,P1,1,2,G2,164,RH,1
166,19,F#4,66,P1,1,2,G2,165,RH,2
167,19,D5,74,P1,1,2,G2,166,RH,3
168,19,F#5,78,P1,1,2,G2,167,RH,4
169,19,D5,74,P1,1,2,G2,168,RH,3
170,20,E4,64,P1,1,1,G2,169,RH,2
171,20,B5,83,P1,1,1,G2,170,RH,5
172,20,G5,79,P1,1,1,G2,171,RH,4
173,20,E5,76,P1,1,1,G2,172,RH,3
174,20,E4,64,P1,1,1,G2,173,RH,2
175,20,C5,72,P1,1,1,G2,174,RH,3
176,20,E5,76,P1,1,1,G2,175,RH,4
177,20,C5,72,P1,1,1,G2,176,RH,3
178,20,B5,83,P1,1,2,G2,177,RH,5
179,20,G4,67,P1,1,2,G2,178,RH,2
180,20,C5,72,P1,1,2,G2,179,RH,3
181,20,A4,69,P1,1,2,G2,180,RH,2
182,21,D4,62,P1,1,1,G2,181,RH,2
183,21,A5,81,P1,1,1,G2,182,RH,4
184,21,F#5,78,P1,1,1,G2,183,RH,5
185,21,D5,74,P1,1,1,G2,184,RH,3
186,21,D4,62,P1,1,1,G2,185,RH,2
187,21,G5,79,P1,1,1,G2,186,RH,4
188,21,E5,76,P1,1,1,G2,187,RH,3
189,21,C5,72,P1,1,1,G2,188,RH,2
190,21,A5,81,P1,1,2,G2,189,RH,4
191,21,F#4,66,P1,1,2,G2,190,RH,2
192,21,B4,71,P1,1,2,G2,191,RH,3
193,21,G4,67,P1,1,2,G2,192,RH,2
194,22,A4,69,P1,1,1,G2,193,RH,3
195,22,C5,72,P1,1,1,G2,194,RH,4
196,22,E5,76,P1,1,1,G2,195,RH,5
197,23,A5,81,P1,1,1,G2,196,RH,4
198,23,B5,83,P1,1,1,G2,197,RH,5
199,23,A5,81,P1,1,1,G2,198,RH,4
200,23,G#5,80,P1,1,1,G2,199,RH,3
201,23,A5,81,P1,1,1,G2,200,RH,4
202,23,C6,84,P1,1,1,G2,201,RH,5
203,23,A5,81,P1,1,1,G2,202,RH,4
204,23,C6,84,P1,1,1,G2,203,RH,5
205,23,A5,81,P1,1,1,G2,204,RH,4
206,24,B5,83,P1,1,1,G2,205,RH,5
207,24,G5,79,P1,1,1,G2,206,RH,4
208,24,D6,86,P1,1,1,G2,207,RH,5
209,24,C6,84,P1,1,1,G2,208,RH,4
210,24,B5,83,P1,1,1,G2,209,RH,3
211,24,A5,81,P1,1,1,G2,210,RH,2
212,24,G5,79,P1,1,1,G2,211,RH,1
213,25,A5,81,P1,1,1,G2,212,RH,5
214,26,G5,79,P1,1,1,G2,213,RH,4
215,26,G5,79,P1,1,1,G2,214,RH,4
216,26,D5,74,P1,1,1,G2,215,RH,3
217,26,G5,79,P1,1,1,G2,216,RH,4
218,26,B5,83,P1,1,1,G2,217,RH,5
219,26,D6,86,P1,1,1,G2,218,RH,4
220,26,B5,83,P1,1,1,G2,219,RH,5
221,26,G5,79,P1,1,1,G2,220,RH,4
222,26,B5,83,P1,1,1,G2,221,RH,5
223,26,C6,84,P1,1,1,G2,222,RH,5
224,26,A5,81,P1,1,1,G2,223,RH,3
225,26,F#5,78,P1,1,1,G2,224,RH,4
226,26,A5,81,P1,1,1,G2,225,RH,5
227,27,G5,79,P1,1,1,G2,226,RH,4
228,27,G4,67,P1,1,1,G2,227,RH,2
229,27,D4,62,P1,1,1,G2,228,RH,1
230,27,G4,67,P1,1,1,G2,229,RH,2
231,27,B4,71,P1,1,1,G2,230,RH,3
232,27,D5,74,P1,1,1,G2,231,RH,4
233,27,B4,71,P1,1,1,G2,232,RH,3
234,27,G4,67,P1,1,1,G2,233,RH,2
235,27,B4,71,P1,1,1,G2,234,RH,3
236,27,C5,72,P1,1,1,G2,235,RH,4
237,27,A4,69,P1,1,1,G2,236,RH,3
238,27,F#4,66,P1,1,1,G2,237,RH,2
239,27,A4,69,P1,1,1,G2,238,RH,3
240,28,G4,67,P1,1,1,G2,239,RH,2
241,28,D5,74,P1,1,1,G2,240,RH,1
242,28,B5,83,P1,1,1,G2,240,RH,4
243,28,B4,71,P1,1,1,G2,241,RH,1
244,28,G5,79,P1,1,1,G2,241,RH,4
245,29,G4,67,P1,1,1,G2,242,RH,2
246,29,G5,79,P1,1,1,G2,243,RH,4
247,29,D5,74,P1,1,1,G2,244,RH,3
248,29,G5,79,P1,1,1,G2,245,RH,4
249,29,Bb5,82,P1,1,1,G2,246,RH,3
250,29,D6,86,P1,1,1,G2,247,RH,5
251,29,Bb5,82,P1,1,1,G2,248,RH,4
252,29,G5,79,P1,1,1,G2,249,RH,3
253,29,Bb5,82,P1,1,1,G2,250,RH,4
254,29,C6,84,P1,1,1,G2,251,RH,5
255,29,A5,81,P1,1,1,G2,252,RH,4
256,29,F#5,78,P1,1,1,G2,253,RH,3
257,29,A5,81,P1,1,1,G2,254,RH,4
258,30,G5,79,P1,1,1,G2,255,RH,3
259,30,G4,67,P1,1,1,G2,256,RH,2
260,30,D4,62,P1,1,1,G2,257,RH,1
261,30,G4,67,P1,1,1,G2,258,RH,2
262,30,Bb4,70,P1,1,1,G2,259,RH,3
263,30,D5,74,P1,1,1,G2,260,RH,4
264,30,Bb4,70,P1,1,1,G2,261,RH,3
265,30,G4,67,P1,1,1,G2,262,RH,2
266,30,Bb4,70,P1,1,1,G2,263,RH,3
267,30,C5,72,P1,1,1,G2,264,RH,4
268,30,A4,69,P1,1,1,G2,265,RH,3
269,30,F#4,66,P1,1,1,G2,266,RH,2
270,30,A4,69,P1,1,1,G2,267,RH,3
271,31,G4,67,P1,1,1,G2,268,RH,2
272,31,G5,79,P1,1,1,G2,269,RH,4
273,31,Bb5,82,P1,1,1,G2,270,RH,5
274,31,A5,81,P1,1,1,G2,271,RH,4
275,31,G5,79,P1,1,1,G2,272,RH,3
276,31,F5,77,P1,1,1,G2,273,RH,2
277,31,E5,76,P1,1,1,G2,274,RH,1
278,31,D5,74,P1,1,1,G2,275,RH,3
279,32,C#5,73,P1,1,1,G2,276,RH,2
280,32,C#6,85,P1,1,1,G2,277,RH,4
281,32,E6,88,P1,1,1,G2,278,RH,5
282,32,D6,86,P1,1,1,G2,279,RH,4
283,32,C#6,85,P1,1,1,G2,280,RH,3
284,32,Bb5,82,P1,1,1,G2,281,RH,4
285,32,A5,81,P1,1,1,G2,282,RH,3
286,32,G5,79,P1,1,1,G2,283,RH,2
287,33,F5,77,P1,1,1,G2,284,RH,1
288,33,D5,74,P1,1,1,G2,285,RH,3
289,33,A4,69,P1,1,1,G2,286,RH,2
290,33,D5,74,P1,1,1,G2,287,RH,3
291,33,F5,77,P1,1,1,G2,288,RH,4
292,33,A5,81,P1,1,1,G2,289,RH,5
293,33,F5,77,P1,1,1,G2,290,RH,4
294,33,D5,74,P1,1,1,G2,291,RH,3
295,33,F5,77,P1,1,1,G2,292,RH,4
296,33,G5,79,P1,1,1,G2,293,RH,5
297,33,E5,76,P1,1,1,G2,294,RH,4
298,33,C#5,73,P1,1,1,G2,295,RH,3
299,33,E5,76,P1,1,1,G2,296,RH,4
300,34,D5,74,P1,1,1,G2,297,RH,3
301,34,D4,62,P1,1,1,G2,298,RH,2
302,34,A3,57,P1,1,1,G2,299,RH,1
303,34,D4,62,P1,1,1,G2,300,RH,2
304,34,F4,65,P1,1,1,G2,301,RH,1
305,34,A4,69,P1,1,1,G2,302,RH,3
306,34,F4,65,P1,1,1,G2,303,RH,2
307,34,D4,62,P1,1,1,G2,304,RH,1
308,34,F4,65,P1,1,1,G2,305,RH,2
309,34,G4,67,P1,1,1,G2,306,RH,3
310,34,E4,64,P1,1,1,G2,307,RH,2
311,34,C#4,61,P1,1,1,G2,308,RH,1
312,34,E4,64,P1,1,1,G2,309,RH,2
313,35,D4,62,P1,1,1,G2,310,RH,1
314,35,E4,64,P1,1,1,G2,311,RH,2
315,35,F4,65,P1,1,1,G2,312,RH,3
316,35,G4,67,P1,1,1,G2,313,RH,1
317,35,A4,69,P1,1,1,G2,314,RH,2
318,35,B4,71,P1,1,1,G2,315,RH,3
319,35,C#5,73,P1,1,1,G2,316,RH,4
320,35,D5,74,P1,1,1,G2,317,RH,5
321,36,B4,71,P1,1,1,G2,318,RH,3
322,36,C5,72,P1,1,1,G2,319,RH,1
323,36,D5,74,P1,1,1,G2,320,RH,2
324,36,E5,76,P1,1,1,G2,321,RH,3
325,36,F#5,78,P1,1,1,G2,322,RH,4
326,36,G#5,80,P1,1,1,G2,323,RH,5
327,36,A5,81,P1,1,1,G2,324,RH,5
328,36,B5,83,P1,1,1,G2,325,RH,5
329,37,A5,81,P1,1,1,G2,326,RH,4
330,37,E6,88,P1,1,1,G2,327,RH,5
331,37,D6,86,P1,1,1,G2,328,RH,4
332,37,C6,84,P1,1,1,G2,329,RH,3
333,37,B5,83,P1,1,1,G2,330,RH,2
334,37,A5,81,P1,1,1,G2,331,RH,1
335,37,G5,79,P1,1,1,G2,332,RH,3
336,37,F5,77,P1,1,1,G2,333,RH,2
337,38,G5,79,P1,1,1,G2,334,RH,3
338,38,D6,86,P1,1,1,G2,335,RH,5
339,38,C6,84,P1,1,1,G2,336,RH,4
340,38,B5,83,P1,1,1,G2,337,RH,3
341,38,A5,81,P1,1,1,G2,338,RH,2
342,38,G5,79,P1,1,1,G2,339,RH,1
343,38,F5,77,P1,1,1,G2,340,RH,3
344,38,E5,76,P1,1,1,G2,341,RH,2
345,39,F5,77,P1,1,1,G2,342,RH,3
346,39,C6,84,P1,1,1,G2,343,RH,5
347,39,B5,83,P1,1,1,G2,344,RH,4
348,39,A5,81,P1,1,1,G2,345,RH,3
349,39,G5,79,P1,1,1,G2,346,RH,2
350,39,F5,77,P1,1,1,G2,347,RH,1
351,39,E5,76,P1,1,1,G2,348,RH,3
352,39,D5,74,P1,1,1,G2,349,RH,2
353,40,E5,76,P1,1,1,G2,350,RH,3
354,40,B5,83,P1,1,1,G2,351,RH,5
355,40,A5,81,P1,1,1,G2,352,RH,4
356,40,G#5,80,P1,1,1,G2,353,RH,3
357,40,F5,77,P1,1,1,G2,354,RH,4
358,40,E5,76,P1,1,1,G2,355,RH,3
359,40,D5,74,P1,1,1,G2,356,RH,2
360,40,C5,72,P1,1,1,G2,357,RH,1
361,41,Bb4,70,P1,1,1,G2,358,RH,3
362,41,D5,74,P1,1,1,G2,359,RH,4
363,41,C5,72,P1,1,1,G2,360,RH,3
364,41,Bb4,70,P1,1,1,G2,361,RH,2
365,41,A4,69,P1,1,1,G2,362,RH,1
366,41,G4,67,P1,1,1,G2,363,RH,3
367,41,F4,65,P1,1,1,G2,364,RH,2
368,41,E4,64,P1,1,1,G2,365,RH,1
369,41,F4,65,P1,1,1,G2,366,RH,2
370,41,G4,67,P1,1,1,G2,367,RH,3
371,41,A4,69,P1,1,1,G2,368,RH,1
372,41,Bb4,70,P1,1,1,G2,369,RH,2
373,41,C5,72,P1,1,1,G2,370,RH,3
374,41,D5,74,P1,1,1,G2,371,RH,1
375,41,E5,76,P1,1,1,G2,372,RH,2
376,42,F5,77,P1,1,1,G2,373,RH,3
377,42,A5,81,P1,1,1,G2,374,RH,4
378,42,C6,84,P1,1,1,G2,375,RH,5
379,43,E5,76,P1,1,1,G2,376,RH,4
380,43,F5,77,P1,1,1,G2,377,RH,5
381,43,G5,79,P1,1,1,G2,378,RH,5
382,43,F5,77,P1,1,1,G2,379,RH,3
383,44,D6,86,P1,1,1,G2,380,RH,5
384,44,C6,84,P1,1,1,G2,381,RH,4
385,44,F6,89,P1,1,1,G2,382,RH,5
386,45,C6,84,P1,1,1,G2,383,RH,4
387,45,Bb5,82,P1,1,1,G2,384,RH,3
388,45,A5,81,P1,1,1,G2,385,RH,2
389,45,Bb5,82,P1,1,1,G2,386,RH,3
390,45,A5,81,P1,1,1,G2,387,RH,2
391,46,D5,74,P1,1,1,G2,388,RH,3
392,46,E5,76,P1,1,1,G2,389,RH,1
393,46,F5,77,P1,1,1,G2,390,RH,2
394,46,G5,79,P1,1,1,G2,391,RH,3
395,46,A5,81,P1,1,1,G2,392,RH,1
396,46,Bb5,82,P1,1,1,G2,393,RH,2
397,46,C6,84,P1,1,1,G2,394,RH,3
398,46,D6,86,P1,1,1,G2,395,RH,4
399,46,C6,84,P1,1,1,G2,396,RH,3
400,46,Bb5,82,P1,1,1,G2,397,RH,2
401,46,A5,81,P1,1,1,G2,398,RH,1
402,46,G5,79,P1,1,1,G2,399,RH,3
403,46,F5,77,P1,1,1,G2,400,RH,2
404,46,E5,76,P1,1,1,G2,401,RH,1
405,46,D5,74,P1,1,1,G2,402,RH,3
406,47,C5,72,P1,1,1,G2,403,RH,2
407,47,D5,74,P1,1,1,G2,404,RH,3
408,47,E5,76,P1,1,1,G2,405,RH,1
409,47,F5,77,P1,1,1,G2,406,RH,2
410,47,G5,79,P1,1,1,G2,407,RH,3
411,47,A5,81,P1,1,1,G2,408,RH,1
412,47,Bb5,82,P1,1,1,G2,409,RH,2
413,47,C6,84,P1,1,1,G2,410,RH,3
414,47,Bb5,82,P1,1,1,G2,411,RH,2
415,47,A5,81,P1,1,1,G2,412,RH,1
416,47,G5,79,P1,1,1,G2,413,RH,3
417,47,F5,77,P1,1,1,G2,414,RH,2
418,47,E5,76,P1,1,1,G2,415,RH,1
419,47,D5,74,P1,1,1,G2,416,RH,3
420,47,C5,72,P1,1,1,G2,417,RH,2
421,48,Bb4,70,P1,1,1,G2,418,RH,1
422,48,C5,72,P1,1,1,G2,419,RH,2
423,48,D5,74,P1,1,1,G2,420,RH,3
424,48,E5,76,P1,1,1,G2,421,RH,1
425,48,F5,77,P1,1,1,G2,422,RH,2
426,48,G5,79,P1,1,1,G2,423,RH,3
427,48,A5,81,P1,1,1,G2,424,RH,4
428,48,Bb5,82,P1,1,1,G2,425,RH,5
429,48,A5,81,P1,1,1,G2,426,RH,4
430,48,G5,79,P1,1,1,G2,427,RH,3
431,48,F5,77,P1,1,1,G2,428,RH,2
432,48,E5,76,P1,1,1,G2,429,RH,1
433,48,D5,74,P1,1,1,G2,430,RH,3
434,48,C5,72,P1,1,1,G2,431,RH,2
435,48,Bb4,70,P1,1,1,G2,432,RH,1
436,49,A4,69,P1,1,1,G2,433,RH,3
437,49,Bb4,70,P1,1,1,G2,434,RH,1
438,49,C5,72,P1,1,1,G2,435,RH,2
439,49,D5,74,P1,1,1,G2,436,RH,3
440,49,E5,76,P1,1,1,G2,437,RH,4
441,49,F5,77,P1,1,1,G2,438,RH,5
442,49,G5,79,P1,1,1,G2,439,RH,5
443,49,A5,81,P1,1,1,G2,440,RH,5
444,49,G5,79,P1,1,1,G2,441,RH,4
445,49,F5,77,P1,1,1,G2,442,RH,3
446,49,E5,76,P1,1,1,G2,443,RH,2
447,49,D5,74,P1,1,1,G2,444,RH,1
448,49,C5,72,P1,1,1,G2,445,RH,3
449,49,Bb4,70,P1,1,1,G2,446,RH,2
450,49,A4,69,P1,1,1,G2,447,RH,1
451,50,A5,81,P1,1,1,G2,448,RH,3
452,50,A5,81,P1,1,1,G2,449,RH,3
453,51,G5,79,P1,1,1,G2,450,RH,2
454,51,G5,79,P1,1,1,G2,451,RH,2
455,52,F5,77,P1,1,1,G2,452,RH,1
456,52,F5,77,P1,1,1,G2,453,RH,1
457,53,E5,76,P1,1,1,G2,454,RH,3
458,53,E5,76,P1,1,1,G2,455,RH,3
459,54,D5,74,P1,1,1,G2,456,RH,2
460,54,D4,62,P1,1,1,G2,457,RH,1
461,54,E4,64,P1,1,1,G2,458,RH,2
462,54,F4,65,P1,1,1,G2,459,RH,3
463,54,G4,67,P1,1,1,G2,460,RH,1
464,54,A4,69,P1,1,1,G2,461,RH,2
465,54,B4,71,P1,1,1,G2,462,RH,3
466,54,C#5,73,P1,1,1,G2,463,RH,4
467,54,D5,74,P1,1,1,G2,464,RH,5
468,54,A4,69,P1,1,1,G2,465,RH,3
469,54,B4,71,P1,1,1,G2,466,RH,1
470,54,C#5,73,P1,1,1,G2,467,RH,2
471,54,D5,74,P1,1,1,G2,468,RH,3
472,54,E5,76,P1,1,1,G2,469,RH,1
473,54,F5,77,P1,1,1,G2,470,RH,2
474,54,G5,79,P1,1,1,G2,471,RH,3
475,55,A5,81,P1,1,1,G2,472,RH,4
476,55,B5,83,P1,1,1,G2,473,RH,5
477,55,C6,84,P1,1,1,G2,474,RH,5
478,55,B5,83,P1,1,1,G2,475,RH,3
479,55,A5,81,P1,1,1,G2,476,RH,2
480,55,G5,79,P1,1,1,G2,477,RH,1
481,55,F5,77,P1,1,1,G2,478,RH,3
482,55,E5,76,P1,1,1,G2,479,RH,2
483,55,F5,77,P1,1,1,G2,480,RH,3
484,55,G5,79,P1,1,1,G2,481,RH,4
485,55,A5,81,P1,1,1,G2,482,RH,5
486,55,G5,79,P1,1,1,G2,483,RH,4
487,55,F5,77,P1,1,1,G2,484,RH,3
488,55,E5,76,P1,1,1,G2,485,RH,2
489,55,D5,74,P1,1,1,G2,486,RH,1
490,55,C5,72,P1,1,1,G2,487,RH,3
491,56,B4,71,P1,1,1,G2,488,RH,2
492,56,G5,79,P1,1,1,G2,489,RH,4
493,56,E5,76,P1,1,1,G2,490,RH,3
494,56,C5,72,P1,1,1,G2,491,RH,2
495,56,D5,74,P1,1,1,G2,492,RH,3
496,56,G5,79,P1,1,1,G2,493,RH,4
497,56,E5,76,P1,1,1,G2,494,RH,3
498,56,C5,72,P1,1,1,G2,495,RH,2
499,57,D5,74,P1,1,1,G2,496,RH,3
500,57,B4,71,P1,1,1,G2,497,RH,1
501,57,G5,79,P1,1,1,G2,497,RH,4
502,57,G4,67,P1,1,1,G2,498,RH,2
503,59,G5,79,P1,1,1,G2,499,RH,4
504,59,E5,76,P1,1,1,G2,500,RH,3
505,59,C5,72,P1,1,1,G2,501,RH,2
506,59,C5,72,P1,1,1,G2,502,RH,2
507,59,D5,74,P1,1,1,G2,503,RH,3
508,59,E5,76,P1,1,1,G2,504,RH,4
509,59,D5,74,P1,1,1,G2,505,RH,3
510,59,C5,72,P1,1,1,G2,506,RH,2
511,60,C5,72,P1,1,1,G2,507,RH,2
512,60,B4,71,P1,1,1,G2,508,RH,1
513,60,B4,71,P1,1,1,G2,509,RH,1
514,61,G5,79,P1,1,1,G2,510,RH,3
515,61,E5,76,P1,1,1,G2,511,RH,4
516,61,C5,72,P1,1,1,G2,512,RH,3
517,61,C5,72,P1,1,1,G2,513,RH,3
518,61,D5,74,P1,1,1,G2,514,RH,4
519,61,E5,76,P1,1,1,G2,515,RH,5
520,61,D5,74,P1,1,1,G2,516,RH,4
521,61,C5,72,P1,1,1,G2,517,RH,3
522,62,C5,72,P1,1,1,G2,518,RH,3
523,62,B4,71,P1,1,1,G2,519,RH,2
524,62,B4,71,P1,1,1,G2,520,RH,2
525,63,G5,79,P1,1,1,G2,521,RH,4
526,63,G5,79,P1,1,1,G2,522,RH,4
527,63,E5,76,P1,1,1,G2,523,RH,3
528,63,C5,72,P1,1,1,G2,524,RH,2
529,63,A4,69,P1,1,1,G2,525,RH,3
530,63,A4,69,P1,1,1,G2,526,RH,3
531,63,C5,72,P1,1,1,G2,527,RH,4
532,63,A4,69,P1,1,1,G2,528,RH,3
533,64,F5,77,P1,1,1,G2,529,RH,4
534,64,F5,77,P1,1,1,G2,530,RH,4
535,64,D5,74,P1,1,1,G2,531,RH,3
536,64,B4,71,P1,1,1,G2,532,RH,4
537,64,G4,67,P1,1,1,G2,533,RH,2
538,64,G5,79,P1,1,1,G2,534,RH,4
539,64,B5,83,P1,1,1,G2,535,RH,5
540,64,G5,79,P1,1,1,G2,536,RH,4
541,65,E6,88,P1,1,1,G2,537,RH,5
542,65,E6,88,P1,1,1,G2,538,RH,5
543,65,C6,84,P1,1,1,G2,539,RH,4
544,65,A5,81,P1,1,1,G2,540,RH,3
545,65,F5,77,P1,1,1,G2,541,RH,4
546,65,F5,77,P1,1,1,G2,542,RH,4
547,65,A5,81,P1,1,1,G2,543,RH,5
548,65,F5,77,P1,1,1,G2,544,RH,4
549,66,D6,86,P1,1,1,G2,545,RH,5
550,66,D6,86,P1,1,1,G2,546,RH,5
551,66,B5,83,P1,1,1,G2,547,RH,4
552,66,G5,79,P1,1,1,G2,548,RH,3
553,66,E5,76,P1,1,1,G2,549,RH,4
554,66,C6,84,P1,1,1,G2,550,RH,5
555,66,G5,79,P1,1,1,G2,551,RH,4
556,66,E5,76,P1,1,1,G2,552,RH,3
557,67,D5,74,P1,1,1,G2,553,RH,2
558,67,D5,74,P1,1,1,G2,554,RH,2
559,67,D5,74,P1,1,1,G2,555,RH,2
560,68,A5,81,P1,1,1,G2,556,RH,4
561,68,A5,81,P1,1,1,G2,557,RH,4
562,68,A5,81,P1,1,1,G2,558,RH,4
563,69,G5,79,P1,1,1,G2,559,RH,3
564,69,A5,81,P1,1,1,G2,560,RH,4
565,69,B5,83,P1,1,1,G2,561,RH,5
566,69,C6,84,P1,1,1,G2,562,RH,5
567,69,D6,86,P1,1,1,G2,563,RH,5
568,69,E6,88,P1,1,1,G2,564,RH,5
569,69,D6,86,P1,1,1,G2,565,RH,3
570,69,C6,84,P1,1,1,G2,566,RH,2
571,69,B5,83,P1,1,1,G2,567,RH,1
572,69,A5,81,P1,1,1,G2,568,RH,3
573,69,G5,79,P1,1,1,G2,569,RH,2
574,69,F5,77,P1,1,1,G2,570,RH,1
575,69,E5,76,P1,1,1,G2,571,RH,3
576,69,D5,74,P1,1,1,G2,572,RH,2
577,69,C5,72,P1,1,1,G2,573,RH,1
578,70,D5,74,P1,1,1,G2,574,RH,2
579,71,C5,72,P1,1,1,G2,575,RH,1
580,71,C5,72,P1,1,1,G2,576,RH,1
581,71,G4,67,P1,1,1,G2,577,RH,2
582,71,C5,72,P1,1,1,G2,578,RH,3
583,71,E5,76,P1,1,1,G2,579,RH,4
584,71,G5,79,P1,1,1,G2,580,RH,5
585,71,E5,76,P1,1,1,G2,581,RH,4
586,71,C5,72,P1,1,1,G2,582,RH,3
587,71,E5,76,P1,1,1,G2,583,RH,4
588,71,F5,77,P1,1,1,G2,584,RH,5
589,71,D5,74,P1,1,1,G2,585,RH,3
590,71,B4,71,P1,1,1,G2,586,RH,2
591,71,D5,74,P1,1,1,G2,587,RH,3
592,72,C5,72,P1,1,1,G2,588,RH,2
593,72,C4,60,P1,1,1,G2,589,RH,1
594,72,G3,55,P1,1,1,G2,590,RH,2
595,72,C4,60,P1,1,1,G2,591,RH,1
596,72,E4,64,P1,1,1,G2,592,RH,2
597,72,G4,67,P1,1,1,G2,593,RH,3
598,72,E4,64,P1,1,1,G2,594,RH,2
599,72,C4,60,P1,1,1,G2,595,RH,1
600,72,E4,64,P1,1,1,G2,596,RH,2
601,72,F4,65,P1,1,1,G2,597,RH,3
602,72,D4,62,P1,1,1,G2,598,RH,2
603,72,B3,59,P1,1,1,G2,599,RH,1
604,72,D4,62,P1,1,1,G2,600,RH,2
605,73,C4,60,P1,1,1,G2,601,RH,1
606,73,E5,76,P1,1,1,G2,602,RH,1
607,73,G5,79,P1,1,1,G2,602,RH,3
608,73,C6,84,P1,1,1,G2,602,RH,5
609,73,C5,72,P1,1,1,G2,603,RH,3
610,1,C4,60,P2,1,1,G2,1,LH,3
611,1,G4,67,P2,1,1,G2,2,LH,2
612,1,E4,64,P2,1,1,G2,3,LH,3
613,1,G4,67,P2,1,1,G2,4,LH,2
614,1,C4,60,P2,1,1,G2,5,LH,3
615,1,G4,67,P2,1,1,G2,6,LH,2
616,1,E4,64,P2,1,1,G2,7,LH,3
617,1,G4,67,P2,1,1,G2,8,LH,2
618,2,D4,62,P2,1,1,G2,9,LH,1
619,2,G4,67,P2,1,1,G2,10,LH,2
620,2,F4,65,P2,1,1,G2,11,LH,3
621,2,G4,67,P2,1,1,G2,12,LH,2
622,2,C4,60,P2,1,1,G2,13,LH,3
623,2,G4,67,P2,1,1,G2,14,LH,2
624,2,E4,64,P2,1,1,G2,15,LH,3
625,2,G4,67,P2,1,1,G2,16,LH,2
626,3,C4,60,P2,1,1,G2,17,LH,3
627,3,A4,69,P2,1,1,G2,18,LH,1
628,3,F4,65,P2,1,1,G2,19,LH,2
629,3,A4,69,P2,1,1,G2,20,LH,1
630,3,C4,60,P2,1,1,G2,21,LH,3
631,3,G4,67,P2,1,1,G2,22,LH,2
632,3,E4,64,P2,1,1,G2,23,LH,3
633,3,G4,67,P2,1,1,G2,24,LH,2
634,4,B3,59,P2,1,1,G2,25,LH,3
635,4,G4,67,P2,1,1,G2,26,LH,2
636,4,D4,62,P2,1,1,G2,27,LH,1
637,4,G4,67,P2,1,1,G2,28,LH,2
638,4,C4,60,P2,1,1,G2,29,LH,3
639,4,G4,67,P2,1,1,G2,30,LH,2
640,4,E4,64,P2,1,1,G2,31,LH,3
641,4,G4,67,P2,1,1,G2,32,LH,2
642,5,F4,65,P2,1,1,F4,33,LH,3
643,5,F3,53,P2,1,1,F4,34,LH,4
644,5,C4,60,P2,1,1,F4,34,LH,1
645,6,E3,52,P2,1,1,F4,35,LH,4
646,6,C4,60,P2,1,1,F4,35,LH,1
647,6,E3,52,P2,1,1,F4,36,LH,4
648,6,C4,60,P2,1,1,F4,36,LH,1
649,7,D3,50,P2,1,1,F4,37,LH,4
650,7,C4,60,P2,1,1,F4,37,LH,1
651,7,D3,50,P2,1,1,F4,38,LH,4
652,7,B3,59,P2,1,1,F4,38,LH,1
653,8,C3,48,P2,1,1,F4,39,LH,5
654,8,C4,60,P2,1,1,F4,39,LH,1
655,8,C3,48,P2,1,1,F4,40,LH,3
656,8,E3,52,P2,1,1,F4,40,LH,1
657,9,F3,53,P2,1,1,F4,41,LH,3
658,9,A3,57,P2,1,1,F4,41,LH,1
659,10,F3,53,P2,1,1,F4,42,LH,4
660,10,G3,55,P2,1,1,F4,43,LH,3
661,10,A3,57,P2,1,1,F4,44,LH,2
662,10,F#3,54,P2,1,1,F4,45,LH,4
663,11,G2,43,P2,1,1,F4,46,LH,5
664,11,B2,47,P2,1,1,F4,47,LH,4
665,11,D3,50,P2,1,1,F4,48,LH,3
666,11,G3,55,P2,1,1,F4,49,LH,4
667,11,G2,43,P2,1,1,F4,50,LH,5
668,11,C3,48,P2,1,1,F4,51,LH,4
669,11,E3,52,P2,1,1,F4,52,LH,3
670,11,G3,55,P2,1,1,F4,53,LH,4
671,11,G2,43,P2,1,1,F4,54,LH,5
672,11,B2,47,P2,1,1,F4,55,LH,4
673,11,D3,50,P2,1,1,F4,56,LH,3
674,11,G3,55,P2,1,1,F4,57,LH,4
675,11,G2,43,P2,1,1,F4,58,LH,5
676,11,C3,48,P2,1,1,F4,59,LH,4
677,11,E3,52,P2,1,1,F4,60,LH,3
678,11,G3,55,P2,1,1,F4,61,LH,4
679,12,G2,43,P2,1,1,F4,62,LH,5
680,12,G3,55,P2,1,1,F4,63,LH,4
681,12,G2,43,P2,1,1,F4,64,LH,5
682,13,C#4,61,P2,1,1,F4,65,LH,3
683,13,D4,62,P2,1,1,F4,66,LH,2
684,13,C#4,61,P2,1,1,F4,67,LH,3
685,13,D4,62,P2,1,1,F4,68,LH,2
686,13,C#4,61,P2,1,1,F4,69,LH,3
687,13,D4,62,P2,1,1,F4,70,LH,2
688,13,C#4,61,P2,1,1,F4,71,LH,3
689,13,D4,62,P2,1,1,F4,72,LH,2
690,13,C4,60,P2,1,1,F4,73,LH,3
691,13,D4,62,P2,1,1,F4,74,LH,2
692,13,C4,60,P2,1,1,F4,75,LH,3
693,13,D4,62,P2,1,1,F4,76,LH,2
694,13,C4,60,P2,1,1,F4,77,LH,3
695,13,D4,62,P2,1,1,F4,78,LH,2
696,13,C4,60,P2,1,1,F4,79,LH,3
697,13,D4,62,P2,1,1,F4,80,LH,2
698,14,B3,59,P2,1,1,F4,81,LH,3
699,14,D4,62,P2,1,1,F4,82,LH,2
700,14,B3,59,P2,1,1,F4,83,LH,3
701,14,D4,62,P2,1,1,F4,84,LH,2
702,14,B3,59,P2,1,1,F4,85,LH,3
703,14,D4,62,P2,1,1,F4,86,LH,2
704,14,B3,59,P2,1,1,F4,87,LH,3
705,14,D4,62,P2,1,1,F4,88,LH,2
706,14,B3,59,P2,1,1,F4,89,LH,3
707,14,D4,62,P2,1,1,F4,90,LH,2
708,14,B3,59,P2,1,1,F4,91,LH,3
709,14,D4,62,P2,1,1,F4,92,LH,2
710,14,B3,59,P2,1,1,F4,93,LH,3
711,14,D4,62,P2,1,1,F4,94,LH,2
712,14,B3,59,P2,1,1,F4,95,LH,3
713,14,D4,62,P2,1,1,F4,96,LH,2
714,15,C4,60,P2,1,1,F4,97,LH,3
715,15,D4,62,P2,1,1,F4,98,LH,2
716,15,B3,59,P2,1,1,F4,99,LH,3
717,15,D4,62,P2,1,1,F4,100,LH,2
718,15,A3,57,P2,1,1,F4,101,LH,3
719,15,D4,62,P2,1,1,F4,102,LH,2
720,15,B3,59,P2,1,1,F4,103,LH,3
721,15,D4,62,P2,1,1,F4,104,LH,2
722,15,C4,60,P2,1,1,F4,105,LH,3
723,15,D4,62,P2,1,1,F4,106,LH,2
724,15,B3,59,P2,1,1,F4,107,LH,3
725,15,D4,62,P2,1,1,F4,108,LH,2
726,15,C4,60,P2,1,1,F4,109,LH,3
727,15,D4,62,P2,1,1,F4,110,LH,2
728,15,A3,57,P2,1,1,F4,111,LH,3
729,15,D4,62,P2,1,1,F4,112,LH,2
730,16,B3,59,P2,1,1,F4,113,LH,3
731,16,D4,62,P2,1,1,F4,114,LH,2
732,16,B3,59,P2,1,1,F4,115,LH,3
733,16,D4,62,P2,1,1,F4,116,LH,2
734,16,B3,59,P2,1,1,F4,117,LH,3
735,16,D4,62,P2,1,1,F4,118,LH,2
736,16,B3,59,P2,1,1,F4,119,LH,3
737,16,D4,62,P2,1,1,F4,120,LH,2
738,16,B3,59,P2,1,1,F4,121,LH,3
739,16,D4,62,P2,1,1,F4,122,LH,2
740,16,B3,59,P2,1,1,F4,123,LH,3
741,16,D4,62,P2,1,1,F4,124,LH,2
742,16,B3,59,P2,1,1,F4,125,LH,3
743,16,D4,62,P2,1,1,F4,126,LH,2
744,16,B3,59,P2,1,1,F4,127,LH,3
745,16,D4,62,P2,1,1,F4,128,LH,2
746,17,C4,60,P2,1,1,F4,129,LH,3
747,17,D4,62,P2,1,1,F4,130,LH,2
748,17,B3,59,P2,1,1,F4,131,LH,3
749,17,D4,62,P2,1,1,F4,132,LH,2
750,17,A3,57,P2,1,1,F4,133,LH,3
751,17,D4,62,P2,1,1,F4,134,LH,2
752,17,B3,59,P2,1,1,F4,135,LH,3
753,17,D4,62,P2,1,1,F4,136,LH,2
754,17,C4,60,P2,1,1,F4,137,LH,3
755,17,D4,62,P2,1,1,F4,138,LH,2
756,17,B3,59,P2,1,1,F4,139,LH,3
757,17,D4,62,P2,1,1,F4,140,LH,2
758,17,C4,60,P2,1,1,F4,141,LH,3
759,17,D4,62,P2,1,1,F4,142,LH,2
760,17,A3,57,P2,1,1,F4,143,LH,3
761,17,D4,62,P2,1,1,F4,144,LH,2
762,18,B3,59,P2,1,1,F4,145,LH,3
763,19,A3,57,P2,1,1,F4,146,LH,4
764,19,C4,60,P2,1,1,F4,147,LH,3
765,20,G3,55,P2,1,1,F4,148,LH,4
766,20,B3,59,P2,1,1,F4,149,LH,3
767,20,A3,57,P2,1,1,F4,150,LH,4
768,20,C4,60,P2,1,1,F4,151,LH,3
769,21,F#3,54,P2,1,1,F4,152,LH,4
770,21,A3,57,P2,1,1,F4,153,LH,3
771,21,G3,55,P2,1,1,F4,154,LH,4
772,21,B3,59,P2,1,1,F4,155,LH,3
773,22,C4,60,P2,1,1,G2,156,LH,3
774,22,E4,64,P2,1,1,G2,156,LH,1
775,22,C4,60,P2,1,1,G2,157,LH,3
776,22,E4,64,P2,1,1,G2,157,LH,1
777,22,C4,60,P2,1,1,G2,158,LH,3
778,22,E4,64,P2,1,1,G2,158,LH,1
779,22,C4,60,P2,1,1,G2,159,LH,3
780,22,E4,64,P2,1,1,G2,159,LH,1
781,22,C4,60,P2,1,1,G2,160,LH,3
782,22,E4,64,P2,1,1,G2,160,LH,1
783,22,C4,60,P2,1,1,G2,161,LH,3
784,22,E4,64,P2,1,1,G2,161,LH,1
785,22,C4,60,P2,1,1,G2,162,LH,3
786,22,E4,64,P2,1,1,G2,162,LH,1
787,22,C4,60,P2,1,1,G2,163,LH,3
788,22,E4,64,P2,1,1,G2,163,LH,1
789,23,C4,60,P2,1,1,G2,164,LH,3
790,23,E4,64,P2,1,1,G2,164,LH,1
791,23,C4,60,P2,1,1,G2,165,LH,3
792,23,E4,64,P2,1,1,G2,165,LH,1
793,23,C4,60,P2,1,1,G2,166,LH,3
794,23,E4,64,P2,1,1,G2,166,LH,1
795,23,C4,60,P2,1,1,G2,167,LH,3
796,23,E4,64,P2,1,1,G2,167,LH,1
797,23,C4,60,P2,1,1,G2,168,LH,3
798,23,E4,64,P2,1,1,G2,168,LH,1
799,23,C4,60,P2,1,1,G2,169,LH,3
800,23,E4,64,P2,1,1,G2,169,LH,1
801,23,C4,60,P2,1,1,G2,170,LH,3
802,23,E4,64,P2,1,1,G2,170,LH,1
803,23,C4,60,P2,1,1,G2,171,LH,3
804,23,E4,64,P2,1,1,G2,171,LH,1
805,24,D4,62,P2,1,1,G2,172,LH,2
806,24,B4,71,P2,1,1,G2,173,LH,1
807,24,G4,67,P2,1,1,G2,174,LH,2
808,24,B4,71,P2,1,1,G2,175,LH,1
809,24,D4,62,P2,1,1,G2,176,LH,2
810,24,B4,71,P2,1,1,G2,177,LH,1
811,24,G4,67,P2,1,1,G2,178,LH,2
812,24,B4,71,P2,1,1,G2,179,LH,1
813,24,D4,62,P2,1,1,G2,180,LH,2
814,24,B4,71,P2,1,1,G2,181,LH,1
815,24,G4,67,P2,1,1,G2,182,LH,2
816,24,B4,71,P2,1,1,G2,183,LH,1
817,24,D4,62,P2,1,1,G2,184,LH,2
818,24,B4,71,P2,1,1,G2,185,LH,1
819,24,G4,67,P2,1,1,G2,186,LH,2
820,24,B4,71,P2,1,1,G2,187,LH,1
821,25,D4,62,P2,1,1,G2,188,LH,2
822,25,C5,72,P2,1,1,G2,189,LH,1
823,25,F#4,66,P2,1,1,G2,190,LH,2
824,25,C5,72,P2,1,1,G2,191,LH,1
825,25,D4,62,P2,1,1,G2,192,LH,2
826,25,C5,72,P2,1,1,G2,193,LH,1
827,25,F#4,66,P2,1,1,G2,194,LH,2
828,25,C5,72,P2,1,1,G2,195,LH,1
829,25,D4,62,P2,1,1,G2,196,LH,2
830,25,C5,72,P2,1,1,G2,197,LH,1
831,25,F#4,66,P2,1,1,G2,198,LH,2
832,25,C5,72,P2,1,1,G2,199,LH,1
833,25,D4,62,P2,1,1,G2,200,LH,2
834,25,C5,72,P2,1,1,G2,201,LH,1
835,25,F#4,66,P2,1,1,G2,202,LH,2
836,25,C5,72,P2,1,1,G2,203,LH,1
837,26,G4,67,P2,1,1,G2,204,LH,3
838,26,B4,71,P2,1,1,G2,204,LH,1
839,26,D4,62,P2,1,1,G2,205,LH,5
840,26,A4,69,P2,1,1,G2,205,LH,3
841,26,C5,72,P2,1,1,G2,205,LH,1
842,27,G4,67,P2,1,1,F4,206,LH,3
843,27,B4,71,P2,1,1,F4,206,LH,1
844,27,D3,50,P2,1,1,F4,207,LH,5
845,27,A3,57,P2,1,1,F4,207,LH,3
846,27,C4,60,P2,1,1,F4,207,LH,1
847,28,G3,55,P2,1,1,F4,208,LH,3
848,28,B3,59,P2,1,1,F4,208,LH,1
849,28,G2,43,P2,1,1,F4,209,LH,5
850,28,G3,55,P2,1,1,F4,209,LH,1
851,28,G2,43,P2,1,1,F4,210,LH,5
852,28,G3,55,P2,1,1,F4,210,LH,1
853,29,G2,43,P2,1,1,G2,211,LH,5
854,29,G3,55,P2,1,1,G2,211,LH,1
855,29,D4,62,P2,1,1,G2,212,LH,5
856,29,A4,69,P2,1,1,G2,212,LH,3
857,29,C5,72,P2,1,1,G2,212,LH,1
858,30,G4,67,P2,1,1,F4,213,LH,3
859,30,Bb4,70,P2,1,1,F4,213,LH,1
860,30,D3,50,P2,1,1,F4,214,LH,5
861,30,A3,57,P2,1,1,F4,214,LH,3
862,30,C4,60,P2,1,1,F4,214,LH,1
863,31,G2,43,P2,1,1,F4,215,LH,5
864,31,A2,45,P2,1,1,F4,216,LH,4
865,31,Bb2,46,P2,1,1,F4,217,LH,3
866,31,C3,48,P2,1,1,F4,218,LH,2
867,31,D3,50,P2,1,1,F4,219,LH,1
868,31,E3,52,P2,1,1,F4,220,LH,3
869,31,F#3,54,P2,1,1,F4,221,LH,2
870,31,G3,55,P2,1,1,F4,222,LH,1
871,32,A2,45,P2,1,1,F4,223,LH,5
872,32,B2,47,P2,1,1,F4,224,LH,4
873,32,C#3,49,P2,1,1,F4,225,LH,3
874,32,D3,50,P2,1,1,F4,226,LH,2
875,32,E3,52,P2,1,1,F4,227,LH,1
876,32,F#3,54,P2,1,1,F4,228,LH,3
877,32,G#3,56,P2,1,1,F4,229,LH,2
878,32,A3,57,P2,1,1,F4,230,LH,1
879,33,D3,50,P2,1,1,G2,231,LH,5
880,33,D4,62,P2,1,1,G2,231,LH,1
881,33,A3,57,P2,1,1,G2,232,LH,5
882,33,E4,64,P2,1,1,G2,232,LH,3
883,33,G4,67,P2,1,1,G2,232,LH,1
884,34,D4,62,P2,1,1,F4,233,LH,3
885,34,F4,65,P2,1,1,F4,233,LH,1
886,34,A2,45,P2,1,1,F4,234,LH,5
887,34,E3,52,P2,1,1,F4,234,LH,3
888,34,G3,55,P2,1,1,F4,234,LH,1
889,35,D3,50,P2,1,1,F4,235,LH,3
890,35,F3,53,P2,1,1,F4,235,LH,1
891,35,D4,62,P2,1,1,F4,236,LH,2
892,35,F4,65,P2,1,1,F4,237,LH,1
893,35,E4,64,P2,1,1,F4,238,LH,2
894,35,D4,62,P2,1,1,F4,239,LH,3
895,35,C4,60,P2,1,1,F4,240,LH,1
896,35,B3,59,P2,1,1,F4,241,LH,2
897,35,A3,57,P2,1,1,F4,242,LH,3
898,36,G#3,56,P2,1,1,F4,243,LH,4
899,36,G#3,56,P2,1,1,F4,244,LH,4
900,36,B3,59,P2,1,1,F4,245,LH,3
901,36,A3,57,P2,1,1,F4,246,LH,4
902,36,G#3,56,P2,1,1,F4,247,LH,5
903,36,F3,53,P2,1,1,F4,248,LH,4
904,36,E3,52,P2,1,1,F4,249,LH,5
905,36,D3,50,P2,1,1,F4,250,LH,5
906,37,C3,48,P2,1,1,G2,251,LH,5
907,37,D4,62,P2,1,1,G2,252,LH,3
908,37,A4,69,P2,1,1,G2,253,LH,1
909,37,G4,67,P2,1,1,G2,254,LH,2
910,37,F4,65,P2,1,1,G2,255,LH,3
911,37,E4,64,P2,1,1,G2,256,LH,1
912,37,D4,62,P2,1,1,G2,257,LH,2
913,37,C4,60,P2,1,1,G2,258,LH,3
914,38,B3,59,P2,1,1,G2,259,LH,4
915,38,C4,60,P2,1,1,G2,260,LH,3
916,38,G4,67,P2,1,1,G2,261,LH,2
917,38,F4,65,P2,1,1,G2,262,LH,3
918,38,E4,64,P2,1,1,G2,263,LH,1
919,38,D4,62,P2,1,1,G2,264,LH,2
920,38,C4,60,P2,1,1,G2,265,LH,3
921,38,B3,59,P2,1,1,G2,266,LH,1
922,39,A3,57,P2,1,1,G2,267,LH,2
923,39,B3,59,P2,1,1,G2,268,LH,1
924,39,F4,65,P2,1,1,G2,269,LH,2
925,39,E4,64,P2,1,1,G2,270,LH,3
926,39,D4,62,P2,1,1,G2,271,LH,1
927,39,C4,60,P2,1,1,G2,272,LH,2
928,39,B3,59,P2,1,1,G2,273,LH,3
929,39,A3,57,P2,1,1,G2,274,LH,4
930,40,G#3,56,P2,1,1,F4,275,LH,5
931,40,A3,57,P2,1,1,F4,276,LH,4
932,40,C4,60,P2,1,1,F4,277,LH,3
933,40,B3,59,P2,1,1,F4,278,LH,1
934,40,A3,57,P2,1,1,F4,279,LH,2
935,40,G3,55,P2,1,1,F4,280,LH,3
936,40,F3,53,P2,1,1,F4,281,LH,1
937,40,E3,52,P2,1,1,F4,282,LH,2
938,41,D3,50,P2,1,1,F4,283,LH,3
939,41,C3,48,P2,1,1,F4,284,LH,5
940,41,G3,55,P2,1,1,F4,284,LH,3
941,41,Bb3,58,P2,1,1,F4,284,LH,1
942,42,F4,65,P2,1,1,G2,285,LH,2
943,42,C5,72,P2,1,1,G2,286,LH,1
944,42,A4,69,P2,1,1,G2,287,LH,2
945,42,C5,72,P2,1,1,G2,288,LH,1
946,42,F4,65,P2,1,1,G2,289,LH,2
947,42,C5,72,P2,1,1,G2,290,LH,1
948,42,A4,69,P2,1,1,G2,291,LH,2
949,42,C5,72,P2,1,1,G2,292,LH,1
950,43,G4,67,P2,1,1,G2,293,LH,2
951,43,C5,72,P2,1,1,G2,294,LH,1
952,43,Bb4,70,P2,1,1,G2,295,LH,2
953,43,C5,72,P2,1,1,G2,296,LH,1
954,43,F4,65,P2,1,1,G2,297,LH,2
955,43,C5,72,P2,1,1,G2,298,LH,1
956,43,A4,69,P2,1,1,G2,299,LH,2
957,43,C5,72,P2,1,1,G2,300,LH,1
958,44,F4,65,P2,1,1,G2,301,LH,2
959,44,D5,74,P2,1,1,G2,302,LH,1
960,44,Bb4,70,P2,1,1,G2,303,LH,2
961,44,D5,74,P2,1,1,G2,304,LH,1
962,44,F4,65,P2,1,1,G2,305,LH,2
963,44,C5,72,P2,1,1,G2,306,LH,1
964,44,A4,69,P2,1,1,G2,307,LH,2
965,44,C5,72,P2,1,1,G2,308,LH,1
966,45,E4,64,P2,1,1,G2,309,LH,2
967,45,C5,72,P2,1,1,G2,310,LH,1
968,45,G4,67,P2,1,1,G2,311,LH,2
969,45,C5,72,P2,1,1,G2,312,LH,1
970,45,F4,65,P2,1,1,G2,313,LH,2
971,45,C5,72,P2,1,1,G2,314,LH,1
972,45,A4,69,P2,1,1,G2,315,LH,2
973,45,C5,72,P2,1,1,G2,316,LH,1
974,46,Bb4,70,P2,1,1,G2,317,LH,2
975,46,Bb3,58,P2,1,1,G2,318,LH,4
976,46,F4,65,P2,1,1,G2,318,LH,1
977,47,A3,57,P2,1,1,G2,319,LH,4
978,47,F4,65,P2,1,1,G2,319,LH,1
979,47,A3,57,P2,1,1,G2,320,LH,4
980,47,F4,65,P2,1,1,G2,320,LH,1
981,48,G3,55,P2,1,1,G2,321,LH,4
982,48,F4,65,P2,1,1,G2,321,LH,1
983,48,G3,55,P2,1,1,G2,322,LH,4
984,48,E4,64,P2,1,1,G2,322,LH,1
985,49,F3,53,P2,1,1,G2,323,LH,5
986,49,F4,65,P2,1,1,G2,323,LH,1
987,50,F3,53,P2,1,1,F4,324,LH,4
988,50,G3,55,P2,1,1,F4,325,LH,3
989,50,A3,57,P2,1,1,F4,326,LH,2
990,50,Bb3,58,P2,1,1,F4,327,LH,1
991,50,C4,60,P2,1,1,F4,328,LH,3
992,50,D4,62,P2,1,1,F4,329,LH,2
993,50,E4,64,P2,1,1,F4,330,LH,1
994,50,F4,65,P2,1,1,F4,331,LH,3
995,50,E4,64,P2,1,1,F4,332,LH,1
996,50,D4,62,P2,1,1,F4,333,LH,2
997,50,C4,60,P2,1,1,F4,334,LH,3
998,50,Bb3,58,P2,1,1,F4,335,LH,1
999,50,A3,57,P2,1,1,F4,336,LH,2
1000,50,G3,55,P2,1,1,F4,337,LH,3
1001,50,F3,53,P2,1,1,F4,338,LH,4
1002,51,E3,52,P2,1,1,F4,339,LH,5
1003,51,F3,53,P2,1,1,F4,340,LH,4
1004,51,G3,55,P2,1,1,F4,341,LH,3
1005,51,A3,57,P2,1,1,F4,342,LH,2
1006,51,B3,59,P2,1,1,F4,343,LH,1
1007,51,C4,60,P2,1,1,F4,344,LH,3
1008,51,D4,62,P2,1,1,F4,345,LH,2
1009,51,E4,64,P2,1,1,F4,346,LH,1
1010,51,D4,62,P2,1,1,F4,347,LH,2
1011,51,C4,60,P2,1,1,F4,348,LH,3
1012,51,B3,59,P2,1,1,F4,349,LH,1
1013,51,A3,57,P2,1,1,F4,350,LH,2
1014,51,G3,55,P2,1,1,F4,351,LH,3
1015,51,F3,53,P2,1,1,F4,352,LH,4
1016,51,E3,52,P2,1,1,F4,353,LH,5
1017,52,D3,50,P2,1,1,F4,354,LH,5
1018,52,E3,52,P2,1,1,F4,355,LH,3
1019,52,F3,53,P2,1,1,F4,356,LH,2
1020,52,G3,55,P2,1,1,F4,357,LH,1
1021,52,A3,57,P2,1,1,F4,358,LH,3
1022,52,B3,59,P2,1,1,F4,359,LH,2
1023,52,C4,60,P2,1,1,F4,360,LH,1
1024,52,D4,62,P2,1,1,F4,361,LH,3
1025,52,C4,60,P2,1,1,F4,362,LH,1
1026,52,B3,59,P2,1,1,F4,363,LH,2
1027,52,A3,57,P2,1,1,F4,364,LH,3
1028,52,G3,55,P2,1,1,F4,365,LH,1
1029,52,F3,53,P2,1,1,F4,366,LH,2
1030,52,E3,52,P2,1,1,F4,367,LH,3
1031,52,D3,50,P2,1,1,F4,368,LH,4
1032,53,C3,48,P2,1,1,F4,369,LH,5
1033,53,D3,50,P2,1,1,F4,370,LH,4
1034,53,E3,52,P2,1,1,F4,371,LH,3
1035,53,F3,53,P2,1,1,F4,372,LH,2
1036,53,G3,55,P2,1,1,F4,373,LH,1
1037,53,A3,57,P2,1,1,F4,374,LH,3
1038,53,B3,59,P2,1,1,F4,375,LH,2
1039,53,C4,60,P2,1,1,F4,376,LH,1
1040,53,B3,59,P2,1,1,F4,377,LH,2
1041,53,A3,57,P2,1,1,F4,378,LH,3
1042,53,G3,55,P2,1,1,F4,379,LH,1
1043,53,F3,53,P2,1,1,F4,380,LH,2
1044,53,E3,52,P2,1,1,F4,381,LH,3
1045,53,D3,50,P2,1,1,F4,382,LH,4
1046,53,C3,48,P2,1,1,F4,383,LH,5
1047,54,F3,53,P2,1,1,F4,384,LH,3
1048,54,A3,57,P2,1,1,F4,384,LH,1
1049,55,F3,53,P2,1,1,F4,385,LH,4
1050,55,G3,55,P2,1,1,F4,386,LH,3
1051,55,A3,57,P2,1,1,F4,387,LH,2
1052,55,F#3,54,P2,1,1,F4,388,LH,4
1053,56,G2,43,P2,1,1,F4,389,LH,5
1054,56,B2,47,P2,1,1,F4,390,LH,4
1055,56,D3,50,P2,1,1,F4,391,LH,3
1056,56,G3,55,P2,1,1,F4,392,LH,4
1057,56,G2,43,P2,1,1,F4,393,LH,5
1058,56,C3,48,P2,1,1,F4,394,LH,4
1059,56,E3,52,P2,1,1,F4,395,LH,3
1060,56,G3,55,P2,1,1,F4,396,LH,4
1061,56,G2,43,P2,1,1,F4,397,LH,5
1062,56,B2,47,P2,1,1,F4,398,LH,4
1063,56,D3,50,P2,1,1,F4,399,LH,3
1064,56,G3,55,P2,1,1,F4,400,LH,4
1065,56,G2,43,P2,1,1,F4,401,LH,5
1066,56,C3,48,P2,1,1,F4,402,LH,4
1067,56,E3,52,P2,1,1,F4,403,LH,3
1068,56,G3,55,P2,1,1,F4,404,LH,4
1069,57,G2,43,P2,1,1,F4,405,LH,5
1070,57,G3,55,P2,1,1,F4,406,LH,4
1071,57,G2,43,P2,1,1,F4,407,LH,5
1072,58,F#4,66,P2,1,1,G2,408,LH,3
1073,58,G4,67,P2,1,1,G2,409,LH,2
1074,58,F#4,66,P2,1,1,G2,410,LH,3
1075,58,G4,67,P2,1,1,G2,411,LH,2
1076,58,F#4,66,P2,1,1,G2,412,LH,3
1077,58,G4,67,P2,1,1,G2,413,LH,2
1078,58,F#4,66,P2,1,1,G2,414,LH,3
1079,58,G4,67,P2,1,1,G2,415,LH,2
1080,58,F4,65,P2,1,1,G2,416,LH,3
1081,58,G4,67,P2,1,1,G2,417,LH,2
1082,58,F4,65,P2,1,1,G2,418,LH,3
1083,58,G4,67,P2,1,1,G2,419,LH,2
1084,58,F4,65,P2,1,1,G2,420,LH,3
1085,58,G4,67,P2,1,1,G2,421,LH,2
1086,58,F4,65,P2,1,1,G2,422,LH,3
1087,58,G4,67,P2,1,1,G2,423,LH,2
1088,59,E4,64,P2,1,1,G2,424,LH,3
1089,59,G4,67,P2,1,1,G2,425,LH,2
1090,59,E4,64,P2,1,1,G2,426,LH,3
1091,59,G4,67,P2,1,1,G2,427,LH,2
1092,59,E4,64,P2,1,1,G2,428,LH,3
1093,59,G4,67,P2,1,1,G2,429,LH,2
1094,59,E4,64,P2,1,1,G2,430,LH,3
1095,59,G4,67,P2,1,1,G2,431,LH,2
1096,59,E4,64,P2,1,1,G2,432,LH,3
1097,59,G4,67,P2,1,1,G2,433,LH,2
1098,59,E4,64,P2,1,1,G2,434,LH,3
1099,59,G4,67,P2,1,1,G2,435,LH,2
1100,59,E4,64,P2,1,1,G2,436,LH,3
1101,59,G4,67,P2,1,1,G2,437,LH,2
1102,59,E4,64,P2,1,1,G2,438,LH,3
1103,59,G4,67,P2,1,1,G2,439,LH,2
1104,60,F4,65,P2,1,1,G2,440,LH,3
1105,60,G4,67,P2,1,1,G2,441,LH,2
1106,60,E4,64,P2,1,1,G2,442,LH,3
1107,60,G4,67,P2,1,1,G2,443,LH,2
1108,60,D4,62,P2,1,1,G2,444,LH,1
1109,60,G4,67,P2,1,1,G2,445,LH,2
1110,60,E4,64,P2,1,1,G2,446,LH,3
1111,60,G4,67,P2,1,1,G2,447,LH,2
1112,60,F4,65,P2,1,1,G2,448,LH,3
1113,60,G4,67,P2,1,1,G2,449,LH,2
1114,60,E4,64,P2,1,1,G2,450,LH,3
1115,60,G4,67,P2,1,1,G2,451,LH,2
1116,60,F4,65,P2,1,1,G2,452,LH,3
1117,60,G4,67,P2,1,1,G2,453,LH,2
1118,60,D4,62,P2,1,1,G2,454,LH,1
1119,60,G4,67,P2,1,1,G2,455,LH,2
1120,61,E4,64,P2,1,1,G2,456,LH,3
1121,61,G4,67,P2,1,1,G2,457,LH,2
1122,61,E4,64,P2,1,1,G2,458,LH,3
1123,61,G4,67,P2,1,1,G2,459,LH,2
1124,61,E4,64,P2,1,1,G2,460,LH,3
1125,61,G4,67,P2,1,1,G2,461,LH,2
1126,61,E4,64,P2,1,1,G2,462,LH,3
1127,61,G4,67,P2,1,1,G2,463,LH,2
1128,61,E4,64,P2,1,1,G2,464,LH,3
1129,61,G4,67,P2,1,1,G2,465,LH,2
1130,61,E4,64,P2,1,1,G2,466,LH,3
1131,61,G4,67,P2,1,1,G2,467,LH,2
1132,61,E4,64,P2,1,1,G2,468,LH,3
1133,61,G4,67,P2,1,1,G2,469,LH,2
1134,61,E4,64,P2,1,1,G2,470,LH,3
1135,61,G4,67,P2,1,1,G2,471,LH,2
1136,62,F4,65,P2,1,1,G2,472,LH,3
1137,62,G4,67,P2,1,1,G2,473,LH,2
1138,62,E4,64,P2,1,1,G2,474,LH,3
1139,62,G4,67,P2,1,1,G2,475,LH,2
1140,62,D4,62,P2,1,1,G2,476,LH,1
1141,62,G4,67,P2,1,1,G2,477,LH,2
1142,62,E4,64,P2,1,1,G2,478,LH,3
1143,62,G4,67,P2,1,1,G2,479,LH,2
1144,62,F4,65,P2,1,1,G2,480,LH,3
1145,62,G4,67,P2,1,1,G2,481,LH,2
1146,62,E4,64,P2,1,1,G2,482,LH,3
1147,62,G4,67,P2,1,1,G2,483,LH,2
1148,62,F4,65,P2,1,1,G2,484,LH,3
1149,62,G4,67,P2,1,1,G2,485,LH,2
1150,62,D4,62,P2,1,1,G2,486,LH,1
1151,62,G4,67,P2,1,1,G2,487,LH,2
1152,63,E3,52,P2,1,1,F4,488,LH,4
1153,63,G3,55,P2,1,1,F4,489,LH,5
1154,63,C4,60,P2,1,1,F4,490,LH,3
1155,63,E4,64,P2,1,1,F4,491,LH,2
1156,63,F3,53,P2,1,1,F4,492,LH,4
1157,63,A3,57,P2,1,1,F4,493,LH,3
1158,63,C4,60,P2,1,1,F4,494,LH,4
1159,63,F4,65,P2,1,1,F4,495,LH,2
1160,64,D3,50,P2,1,1,F4,496,LH,4
1161,64,F3,53,P2,1,1,F4,497,LH,5
1162,64,B3,59,P2,1,1,F4,498,LH,3
1163,64,D4,62,P2,1,1,F4,499,LH,2
1164,64,E3,52,P2,1,1,F4,500,LH,4
1165,64,G3,55,P2,1,1,F4,501,LH,5
1166,64,B3,59,P2,1,1,F4,502,LH,3
1167,64,E4,64,P2,1,1,F4,503,LH,2
1168,65,C4,60,P2,1,1,G2,504,LH,3
1169,65,E4,64,P2,1,1,G2,505,LH,2
1170,65,G4,67,P2,1,1,G2,506,LH,3
1171,65,C5,72,P2,1,1,G2,507,LH,1
1172,65,D4,62,P2,1,1,G2,508,LH,2
1173,65,F4,65,P2,1,1,G2,509,LH,3
1174,65,A4,69,P2,1,1,G2,510,LH,2
1175,65,D5,74,P2,1,1,G2,511,LH,1
1176,66,B3,59,P2,1,1,G2,512,LH,3
1177,66,D4,62,P2,1,1,G2,513,LH,2
1178,66,G4,67,P2,1,1,G2,514,LH,3
1179,66,B4,71,P2,1,1,G2,515,LH,2
1180,66,C4,60,P2,1,1,G2,516,LH,3
1181,66,E4,64,P2,1,1,G2,517,LH,2
1182,66,G4,67,P2,1,1,G2,518,LH,3
1183,66,C5,72,P2,1,1,G2,519,LH,1
1184,67,F4,65,P2,1,1,G2,520,LH,3
1185,67,A4,69,P2,1,1,G2,520,LH,1
1186,67,F4,65,P2,1,1,G2,521,LH,3
1187,67,A4,69,P2,1,1,G2,521,LH,1
1188,67,F4,65,P2,1,1,G2,522,LH,3
1189,67,A4,69,P2,1,1,G2,522,LH,1
1190,67,F4,65,P2,1,1,G2,523,LH,3
1191,67,A4,69,P2,1,1,G2,523,LH,1
1192,67,F4,65,P2,1,1,G2,524,LH,3
1193,67,A4,69,P2,1,1,G2,524,LH,1
1194,67,F4,65,P2,1,1,G2,525,LH,3
1195,67,A4,69,P2,1,1,G2,525,LH,1
1196,67,F4,65,P2,1,1,G2,526,LH,3
1197,67,A4,69,P2,1,1,G2,526,LH,1
1198,68,F#3,54,P2,1,1,F4,527,LH,5
1199,68,C4,60,P2,1,1,F4,527,LH,3
1200,68,Eb4,63,P2,1,1,F4,527,LH,1
1201,68,F#3,54,P2,1,1,F4,528,LH,5
1202,68,C4,60,P2,1,1,F4,528,LH,3
1203,68,Eb4,63,P2,1,1,F4,528,LH,1
1204,68,F#3,54,P2,1,1,F4,529,LH,5
1205,68,C4,60,P2,1,1,F4,529,LH,3
1206,68,Eb4,63,P2,1,1,F4,529,LH,1
1207,68,F#3,54,P2,1,1,F4,530,LH,5
1208,68,C4,60,P2,1,1,F4,530,LH,3
1209,68,Eb4,63,P2,1,1,F4,530,LH,1
1210,68,F#3,54,P2,1,1,F4,531,LH,5
1211,68,C4,60,P2,1,1,F4,531,LH,3
1212,68,Eb4,63,P2,1,1,F4,531,LH,1
1213,68,F#3,54,P2,1,1,F4,532,LH,5
1214,68,C4,60,P2,1,1,F4,532,LH,3
1215,68,Eb4,63,P2,1,1,F4,532,LH,1
1216,68,F#3,54,P2,1,1,F4,533,LH,5
1217,68,C4,60,P2,1,1,F4,533,LH,3
1218,68,Eb4,63,P2,1,1,F4,533,LH,1
1219,68,F#3,54,P2,1,1,F4,534,LH,5
1220,68,C4,60,P2,1,1,F4,534,LH,3
1221,68,Eb4,63,P2,1,1,F4,534,LH,1
1222,69,G3,55,P2,1,1,F4,535,LH,3
1223,69,E4,64,P2,1,1,F4,536,LH,2
1224,69,C4,60,P2,1,1,F4,537,LH,3
1225,69,E4,64,P2,1,1,F4,538,LH,2
1226,69,G3,55,P2,1,1,F4,539,LH,4
1227,69,E4,64,P2,1,1,F4,540,LH,2
1228,69,C4,60,P2,1,1,F4,541,LH,3
1229,69,E4,64,P2,1,1,F4,542,LH,2
1230,69,G3,55,P2,1,1,F4,543,LH,4
1231,69,E4,64,P2,1,1,F4,544,LH,2
1232,69,C4,60,P2,1,1,F4,545,LH,3
1233,69,E4,64,P2,1,1,F4,546,LH,2
1234,69,G3,55,P2,1,1,F4,547,LH,4
1235,69,E4,64,P2,1,1,F4,548,LH,2
1236,69,C4,60,P2,1,1,F4,549,LH,3
1237,69,E4,64,P2,1,1,F4,550,LH,2
1238,70,G3,55,P2,1,1,F4,551,LH,4
1239,70,F4,65,P2,1,1,F4,552,LH,2
1240,70,D4,62,P2,1,1,F4,553,LH,3
1241,70,F4,65,P2,1,1,F4,554,LH,2
1242,70,G3,55,P2,1,1,F4,555,LH,4
1243,70,F4,65,P2,1,1,F4,556,LH,2
1244,70,D4,62,P2,1,1,F4,557,LH,3
1245,70,F4,65,P2,1,1,F4,558,LH,2
1246,70,G3,55,P2,1,1,F4,559,LH,4
1247,70,F4,65,P2,1,1,F4,560,LH,2
1248,70,D4,62,P2,1,1,F4,561,LH,3
1249,70,F4,65,P2,1,1,F4,562,LH,2
1250,70,G3,55,P2,1,1,F4,563,LH,4
1251,70,F4,65,P2,1,1,F4,564,LH,2
1252,70,D4,62,P2,1,1,F4,565,LH,3
1253,70,F4,65,P2,1,1,F4,566,LH,2
1254,71,C4,60,P2,1,1,F4,567,LH,3
1255,71,E4,64,P2,1,1,F4,567,LH,1
1256,71,G3,55,P2,1,1,F4,568,LH,5
1257,71,D4,62,P2,1,1,F4,568,LH,3
1258,71,F4,65,P2,1,1,F4,568,LH,1
1259,72,C4,60,P2,1,1,F4,569,LH,3
1260,72,E4,64,P2,1,1,F4,569,LH,1
1261,72,G2,43,P2,1,1,F4,570,LH,5
1262,72,D3,50,P2,1,1,F4,570,LH,3
1263,72,F3,53,P2,1,1,F4,570,LH,1
1264,73,C3,48,P2,1,1,F4,571,LH,3
1265,73,E3,52,P2,1,1,F4,571,LH,1
1266,73,C3,48,P2,1,1,F4,572,LH,5
1267,73,C4,60,P2,1,1,F4,572,LH,1
1268,73,C2,36,P2,1,1,F4,573,LH,5
1269,73,C3,48,P2,1,1,F4,573,LH,1
